source,source_player_id,canonical_player_name,latest_observed_player_name,latest_source_team_id,latest_team_name,latest_position_code,latest_position_group,first_seen_match_datetime,last_seen_match_datetime,is_active,created_at,updated_at
opta,10fhneu2ag3zslmot65er6x9l,F. Pierrot,F. Pierrot,1lbrlj3uu8wi2h9j79snuoae4,Çaykur Rize Spor Kulübü,FW,FORWARD,2026-02-08 14:00:00+00,2026-04-05 11:30:00+00,t,2026-04-06 23:26:10.235521+00,2026-04-06 23:26:10.235521+00
opta,10k53pv13mw9hzllv70umgzbp,Ricardo Esgaio,Ricardo Esgaio,c3txoz57mu7w9y1jprvnv2flr,Fatih Karagümrük Spor Kulübü,DF,DEFENDER,2025-09-13 14:00:00+00,2026-04-05 11:30:00+00,t,2026-04-06 23:26:10.235521+00,2026-04-06 23:26:10.235521+00
opta,115kqbrlwsdlm1zj2sm6pcems,Jeh,Jeh,cjbaf8s09qoa1n11r33gc560x,Göztepe Spor Kulübü,FW,FORWARD,2026-01-19 17:00:00+00,2026-04-04 11:30:00+00,t,2026-04-06 23:26:10.235521+00,2026-04-06 23:26:10.235521+00
opta,11yvtl61fyjjf25axacc0874k,A. Özyar,A. Özyar,b703zecenioz21dnj3p63v3f7,Kocaelispor Kulübü,FW,FORWARD,2026-03-18 13:00:00+00,2026-03-18 13:00:00+00,t,2026-04-06 23:26:10.235521+00,2026-04-06 23:26:10.235521+00
opta,127eg3g8ig8j7obxtyc2tl8t1,Marco Asensio,Marco Asensio,8lroq0cbhdxj8124qtxwrhvmm,Fenerbahçe Spor Kulübü,MF,MIDFIELDER,2025-09-14 16:00:00+00,2026-04-05 17:00:00+00,t,2026-04-06 23:26:10.235521+00,2026-04-06 23:26:10.235521+00
opta,13u1ebeq6nonh7jdr6ao85obu,I. Olawoyin,I. Olawoyin,1lbrlj3uu8wi2h9j79snuoae4,Çaykur Rize Spor Kulübü,MF,MIDFIELDER,2025-08-10 16:00:00+00,2026-04-05 11:30:00+00,t,2026-04-06 23:26:10.235521+00,2026-04-06 23:26:10.235521+00
opta,14nuyldakmj4f1v9l5f5bn4lw,M. Doh,M. Doh,c3txoz57mu7w9y1jprvnv2flr,Fatih Karagümrük Spor Kulübü,MF,MIDFIELDER,2025-08-15 18:30:00+00,2026-01-24 17:00:00+00,t,2026-04-06 23:26:10.235521+00,2026-04-06 23:26:10.235521+00
opta,15314dwczroogrc6esysv2tt6,B. Balcı,B. Balcı,9irsyv431fpuqhqtfq9iwxf2u,Antalyaspor Kulübü,DF,DEFENDER,2025-08-09 18:30:00+00,2026-04-05 14:00:00+00,t,2026-04-06 23:26:10.235521+00,2026-04-06 23:26:10.235521+00
opta,159bje4liab466flpkxqkg06h,M. Şengezer,M. Şengezer,47njg6cmlx5q3fvdsupd2n6qu,İstanbul Başakşehir Futbol Kulübü,GK,GOALKEEPER,2025-08-17 18:30:00+00,2026-04-06 17:00:00+00,t,2026-04-06 23:26:10.235521+00,2026-04-06 23:26:10.235521+00
opta,16l7395yh2w7bphsec4j6hu51,B. Ndiaye,B. Ndiaye,2agzb2h4ppg7lfz9hn7eg1rqo,Gaziantep Futbol Kulübü,MF,MIDFIELDER,2025-08-08 18:30:00+00,2025-12-08 17:00:00+00,t,2026-04-06 23:26:10.235521+00,2026-04-06 23:26:10.235521+00
opta,18erl236l4wkr60tk0gtdwc2c,T. Kalpaklı,T. Kalpaklı,c3txoz57mu7w9y1jprvnv2flr,Fatih Karagümrük Spor Kulübü,FW,FORWARD,2025-08-15 18:30:00+00,2026-01-24 17:00:00+00,t,2026-04-06 23:26:10.235521+00,2026-04-06 23:26:10.235521+00
opta,1aacx08rr4w1bl4estl46mas4,E. Ceesay,E. Ceesay,dpsnqu7pd2b0shfzjyn5j1znf,Samsunspor Kulübü,MF,MIDFIELDER,2025-08-09 16:00:00+00,2025-08-09 16:00:00+00,t,2026-04-06 23:26:10.235521+00,2026-04-06 23:26:10.235521+00
opta,1abvuy5ueuj0kkapnxqpnfx7t,D. Agyei,D. Agyei,b703zecenioz21dnj3p63v3f7,Kocaelispor Kulübü,FW,FORWARD,2025-08-11 18:30:00+00,2026-04-06 17:00:00+00,t,2026-04-06 23:26:10.235521+00,2026-04-06 23:26:10.235521+00
opta,1bs4vwqye00mn2oaxrvfkkt7t,M. Lis,M. Lis,cjbaf8s09qoa1n11r33gc560x,Göztepe Spor Kulübü,GK,GOALKEEPER,2025-08-10 16:00:00+00,2026-04-04 11:30:00+00,t,2026-04-06 23:26:10.235521+00,2026-04-06 23:26:10.235521+00
opta,1burdmmtt0xlp4i0yx1nmux1x,D. Popa,D. Popa,embqktr41hfzczc8uav1scmcn,Gençlerbirliği Spor Kulübü,FW,FORWARD,2025-08-09 16:00:00+00,2025-08-09 16:00:00+00,t,2026-04-06 23:26:10.235521+00,2026-04-06 23:26:10.235521+00
opta,1c9edgqsq6j7jlzku2qamu8k5,M. Rashica,M. Rashica,2ez9cvam9lp9jyhng3eh3znb4,Beşiktaş Jimnastik Kulübü,MF,MIDFIELDER,2025-08-17 18:30:00+00,2026-04-05 17:00:00+00,t,2026-04-06 23:26:10.235521+00,2026-04-06 23:26:10.235521+00
opta,1czk5wkuu6ahu3ytu2or8276d,Q. Laçi,Q. Laçi,1lbrlj3uu8wi2h9j79snuoae4,Çaykur Rize Spor Kulübü,MF,MIDFIELDER,2025-08-10 16:00:00+00,2026-04-05 11:30:00+00,t,2026-04-06 23:26:10.235521+00,2026-04-06 23:26:10.235521+00
opta,1dzj2btdw0w4tm59kfbauqrys,Y. Çift,Y. Çift,dpsnqu7pd2b0shfzjyn5j1znf,Samsunspor Kulübü,DF,DEFENDER,2025-08-16 16:00:00+00,2026-03-08 17:00:00+00,t,2026-04-06 23:26:10.235521+00,2026-04-06 23:26:10.235521+00
opta,1em5b7wuaxjmtse5v5yukggr9,T. Bingöl,T. Bingöl,b703zecenioz21dnj3p63v3f7,Kocaelispor Kulübü,FW,FORWARD,2025-08-23 18:30:00+00,2026-04-06 17:00:00+00,t,2026-04-06 23:26:10.235521+00,2026-04-06 23:26:10.235521+00
opta,1h5s7q9ezqulz6mvvc9981vc9,Y. Akgün,Y. Akgün,esa748l653sss1wurz5ps3228,Galatasaray Spor Kulübü,MF,MIDFIELDER,2025-08-08 18:30:00+00,2026-04-04 17:00:00+00,t,2026-04-06 23:26:10.235521+00,2026-04-06 23:26:10.235521+00
opta,1hp9pmkfvackyscuv6a89wa8l,A. Ildız,A. Ildız,cjbaf8s09qoa1n11r33gc560x,Göztepe Spor Kulübü,SUB,SUBSTITUTE,2025-08-22 18:30:00+00,2025-11-30 14:00:00+00,t,2026-04-06 23:26:10.235521+00,2026-04-06 23:26:10.235521+00
opta,1j2b2z8tx6mxydy3lpbawhgb9,G. Akkan,G. Akkan,embqktr41hfzczc8uav1scmcn,Gençlerbirliği Spor Kulübü,GK,GOALKEEPER,2025-08-09 16:00:00+00,2025-08-31 16:00:00+00,t,2026-04-06 23:26:10.235521+00,2026-04-06 23:26:10.235521+00
opta,1jgi1rhbubqxs5yy3tecs4fai,D. Jurásek,D. Jurásek,2ez9cvam9lp9jyhng3eh3znb4,Beşiktaş Jimnastik Kulübü,DF,DEFENDER,2025-08-31 18:30:00+00,2025-12-14 17:00:00+00,t,2026-04-06 23:26:10.235521+00,2026-04-06 23:26:10.235521+00
opta,1kd5ennjoqlieedduxuz6o8dm,A. Kol,A. Kol,4idg23egrrvtrbgrg7p5x7bwf,Kasımpaşa Spor Kulübü,FW,FORWARD,2025-08-09 18:30:00+00,2026-03-08 13:00:00+00,t,2026-04-06 23:26:10.235521+00,2026-04-06 23:26:10.235521+00
opta,1kr8slemziskw8bm2ir4shlud,H. Akbunar,H. Akbunar,bmgtxgipsznlb1j20zwjti3xh,Eyüp Spor Kulübü,DF,DEFENDER,2025-08-10 18:30:00+00,2025-12-13 11:30:00+00,t,2026-04-06 23:26:10.235521+00,2026-04-06 23:26:10.235521+00
opta,1l2m5dvofn09gno5jcdpysrmx,K. Yılmaz,K. Yılmaz,2ez9cvam9lp9jyhng3eh3znb4,Beşiktaş Jimnastik Kulübü,SUB,SUBSTITUTE,2025-08-17 18:30:00+00,2026-01-31 17:00:00+00,t,2026-04-06 23:26:10.235521+00,2026-04-06 23:26:10.235521+00
opta,1lr6ps6wx95dse6ayq8zwqqy,Allan Godói,Allan Godói,cjbaf8s09qoa1n11r33gc560x,Göztepe Spor Kulübü,DF,DEFENDER,2025-08-10 16:00:00+00,2026-04-04 11:30:00+00,t,2026-04-06 23:26:10.235521+00,2026-04-06 23:26:10.235521+00
opta,1mn2h07q9o8dw4odz968veo6h,Serginho,Serginho,c3txoz57mu7w9y1jprvnv2flr,Fatih Karagümrük Spor Kulübü,FW,FORWARD,2025-08-15 18:30:00+00,2026-04-05 11:30:00+00,t,2026-04-06 23:26:10.235521+00,2026-04-06 23:26:10.235521+00
opta,1ni0afs55daxlb5ocaqb2o8vd,J. Opoku,J. Opoku,47njg6cmlx5q3fvdsupd2n6qu,İstanbul Başakşehir Futbol Kulübü,DF,DEFENDER,2025-08-17 18:30:00+00,2026-04-06 17:00:00+00,t,2026-04-06 23:26:10.235521+00,2026-04-06 23:26:10.235521+00
opta,1o2dao8li9a72ty0lxjnt0ogl,T. Çetin,T. Çetin,8lroq0cbhdxj8124qtxwrhvmm,Fenerbahçe Spor Kulübü,GK,GOALKEEPER,2025-10-05 17:00:00+00,2025-10-19 17:00:00+00,t,2026-04-06 23:26:10.235521+00,2026-04-06 23:26:10.235521+00
opta,1o7uvhqqueh716napx4qpq99m,R. Yılmaz,R. Yılmaz,2ez9cvam9lp9jyhng3eh3znb4,Beşiktaş Jimnastik Kulübü,DF,DEFENDER,2025-09-19 17:00:00+00,2026-04-05 17:00:00+00,t,2026-04-06 23:26:10.235521+00,2026-04-06 23:26:10.235521+00
opta,1psiusljmlfoi21j75mm4g7is,J. Yılmaz,J. Yılmaz,bmgtxgipsznlb1j20zwjti3xh,Eyüp Spor Kulübü,GK,GOALKEEPER,2026-01-19 14:00:00+00,2026-03-15 13:00:00+00,t,2026-04-06 23:26:10.235521+00,2026-04-06 23:26:10.235521+00
opta,1qpdv43chhq4vcr1mc7qfpsr9,S. Aydoğdu,S. Aydoğdu,dpsnqu7pd2b0shfzjyn5j1znf,Samsunspor Kulübü,SUB,SUBSTITUTE,2025-08-09 16:00:00+00,2025-12-21 17:00:00+00,t,2026-04-06 23:26:10.235521+00,2026-04-06 23:26:10.235521+00
opta,1rhh9hzqzsp331scjcefanvo4,Y. Asprilla,Y. Asprilla,esa748l653sss1wurz5ps3228,Galatasaray Spor Kulübü,FW,FORWARD,2026-02-01 17:00:00+00,2026-04-04 17:00:00+00,t,2026-04-06 23:26:10.235521+00,2026-04-06 23:26:10.235521+00
opta,1spzg8s09btgq2dqadi53l7xm,T. Altıkardeş,T. Altıkardeş,cjbaf8s09qoa1n11r33gc560x,Göztepe Spor Kulübü,DF,DEFENDER,2025-08-10 16:00:00+00,2026-03-07 13:00:00+00,t,2026-04-06 23:26:10.235521+00,2026-04-06 23:26:10.235521+00
opta,1t4rg3hs9ghtq93iszt9tctex,K. Kanatsızkuş,K. Kanatsızkuş,4idg23egrrvtrbgrg7p5x7bwf,Kasımpaşa Spor Kulübü,FW,FORWARD,2025-08-09 18:30:00+00,2026-03-19 17:00:00+00,t,2026-04-06 23:26:10.235521+00,2026-04-06 23:26:10.235521+00
opta,1t85ltchf3k7t9u5hxw129b10,M. Kyabou,M. Kyabou,embqktr41hfzczc8uav1scmcn,Gençlerbirliği Spor Kulübü,MF,MIDFIELDER,2025-08-09 16:00:00+00,2025-08-31 16:00:00+00,t,2026-04-06 23:26:10.235521+00,2026-04-06 23:26:10.235521+00
opta,1u990wv0bo82xqv2s0e8m8ic5,M. Wieteska,M. Wieteska,b703zecenioz21dnj3p63v3f7,Kocaelispor Kulübü,DF,DEFENDER,2025-08-11 18:30:00+00,2025-08-11 18:30:00+00,t,2026-04-06 23:26:10.235521+00,2026-04-06 23:26:10.235521+00
opta,1un21yga3k6ctfxtna2vsq8lw,K. Kayaarası,K. Kayaarası,9irsyv431fpuqhqtfq9iwxf2u,Antalyaspor Kulübü,FW,FORWARD,2025-10-26 11:30:00+00,2025-10-26 11:30:00+00,t,2026-04-06 23:26:10.235521+00,2026-04-06 23:26:10.235521+00
opta,1v9xp26j9tw79e78sr5f9amdx,M. Mimaroğlu,M. Mimaroğlu,embqktr41hfzczc8uav1scmcn,Gençlerbirliği Spor Kulübü,FW,FORWARD,2025-08-09 16:00:00+00,2026-04-04 11:30:00+00,t,2026-04-06 23:26:10.235521+00,2026-04-06 23:26:10.235521+00
opta,1vjm57kxhaa48zn2t52z6zehg,S. Bouajila,S. Bouajila,cjbaf8s09qoa1n11r33gc560x,Göztepe Spor Kulübü,SUB,SUBSTITUTE,2025-10-19 14:00:00+00,2025-12-07 17:00:00+00,t,2026-04-06 23:26:10.235521+00,2026-04-06 23:26:10.235521+00
opta,1vs4a0mltffcmstfxrtqo4v10,H. Karataş,H. Karataş,8lroq0cbhdxj8124qtxwrhvmm,Fenerbahçe Spor Kulübü,MF,MIDFIELDER,2025-12-20 14:00:00+00,2025-12-20 14:00:00+00,t,2026-04-06 23:26:10.235521+00,2026-04-06 23:26:10.235521+00
opta,1wynwp4x95o9w5tt4cdog6i1,V. Osimhen,V. Osimhen,esa748l653sss1wurz5ps3228,Galatasaray Spor Kulübü,FW,FORWARD,2025-08-15 18:30:00+00,2026-03-14 17:00:00+00,t,2026-04-06 23:26:10.235521+00,2026-04-06 23:26:10.235521+00
opta,1xjc2f1941sth0sz1y4ujjgno,Ö. Gümüş,Ö. Gümüş,c3txoz57mu7w9y1jprvnv2flr,Fatih Karagümrük Spor Kulübü,SUB,SUBSTITUTE,2025-08-15 18:30:00+00,2025-08-22 18:30:00+00,t,2026-04-06 23:26:10.235521+00,2026-04-06 23:26:10.235521+00
opta,1xq9g9fqbxi5pb4v61n71wfrp,M. Ben Ouanes,M. Ben Ouanes,4idg23egrrvtrbgrg7p5x7bwf,Kasımpaşa Spor Kulübü,MF,MIDFIELDER,2025-08-09 18:30:00+00,2026-04-04 11:30:00+00,t,2026-04-06 23:26:10.235521+00,2026-04-06 23:26:10.235521+00
opta,1ziaf8ivlizetjhinr9ua6uax,Jota Silva,Jota Silva,2ez9cvam9lp9jyhng3eh3znb4,Beşiktaş Jimnastik Kulübü,FW,FORWARD,2025-09-19 17:00:00+00,2026-03-15 17:00:00+00,t,2026-04-06 23:26:10.235521+00,2026-04-06 23:26:10.235521+00
opta,200f11at8qkywe6z8d9vt84bt,C. Lungoyi,C. Lungoyi,2agzb2h4ppg7lfz9hn7eg1rqo,Gaziantep Futbol Kulübü,MF,MIDFIELDER,2025-08-08 18:30:00+00,2026-04-04 14:00:00+00,t,2026-04-06 23:26:10.235521+00,2026-04-06 23:26:10.235521+00
opta,20apwm6jjul7imoveqaigtkpg,A. Diabaté,A. Diabaté,dpsnqu7pd2b0shfzjyn5j1znf,Samsunspor Kulübü,DF,DEFENDER,2026-01-18 14:00:00+00,2026-03-08 17:00:00+00,t,2026-04-06 23:26:10.235521+00,2026-04-06 23:26:10.235521+00
opta,22nxw2a3w3cmhh1mdyvi2q1w4,C. Raux-Yao,C. Raux-Yao,bmgtxgipsznlb1j20zwjti3xh,Eyüp Spor Kulübü,MF,MIDFIELDER,2026-01-19 14:00:00+00,2026-04-05 14:00:00+00,t,2026-04-06 23:26:10.235521+00,2026-04-06 23:26:10.235521+00
opta,23637o19ff0sw18pqv8g96ndh,Ederson,Ederson,8lroq0cbhdxj8124qtxwrhvmm,Fenerbahçe Spor Kulübü,GK,GOALKEEPER,2025-09-14 16:00:00+00,2026-04-05 17:00:00+00,t,2026-04-06 23:26:10.235521+00,2026-04-06 23:26:10.235521+00
opta,23lty115u3bowovhanqc16usq,E. Aydın,E. Aydın,4idg23egrrvtrbgrg7p5x7bwf,Kasımpaşa Spor Kulübü,MF,MIDFIELDER,2025-11-09 17:00:00+00,2026-03-19 17:00:00+00,t,2026-04-06 23:26:10.235521+00,2026-04-06 23:26:10.235521+00
opta,24t5v95d5pgjtrdf87w2g3nc9,A. Ömür,A. Ömür,9irsyv431fpuqhqtfq9iwxf2u,Antalyaspor Kulübü,MF,MIDFIELDER,2025-08-09 18:30:00+00,2026-04-05 14:00:00+00,t,2026-04-06 23:26:10.235521+00,2026-04-06 23:26:10.235521+00
opta,25wawsdczm69ctbpw5nn51kvd,A. Benedyczak,A. Benedyczak,4idg23egrrvtrbgrg7p5x7bwf,Kasımpaşa Spor Kulübü,FW,FORWARD,2026-02-09 17:00:00+00,2026-04-04 11:30:00+00,t,2026-04-06 23:26:10.235521+00,2026-04-06 23:26:10.235521+00
opta,27u1slmp5wrly9oc6ju7ya87o,S. Cherif,S. Cherif,8lroq0cbhdxj8124qtxwrhvmm,Fenerbahçe Spor Kulübü,FW,FORWARD,2026-02-09 17:00:00+00,2026-04-05 17:00:00+00,t,2026-04-06 23:26:10.235521+00,2026-04-06 23:26:10.235521+00
opta,28rg39pfqy2n7jj8qd9qlbdhw,A. Demirbilek,A. Demirbilek,9irsyv431fpuqhqtfq9iwxf2u,Antalyaspor Kulübü,MF,MIDFIELDER,2025-08-17 16:00:00+00,2025-08-17 16:00:00+00,t,2026-04-06 23:26:10.235521+00,2026-04-06 23:26:10.235521+00
opta,29vvxzsd3221w7a5upiznkjx1,A. Sowe,A. Sowe,1lbrlj3uu8wi2h9j79snuoae4,Çaykur Rize Spor Kulübü,FW,FORWARD,2025-08-10 16:00:00+00,2026-04-05 11:30:00+00,t,2026-04-06 23:26:10.235521+00,2026-04-06 23:26:10.235521+00
opta,2a5pgu4f8a9a9lv4po1n7m1n9,Carlos Mané,Carlos Mané,c8ns6z3u8kxldv1zh1evu10rv,Kayseri Spor Kulübü,MF,MIDFIELDER,2025-08-17 18:30:00+00,2026-04-04 11:30:00+00,t,2026-04-06 23:26:10.235521+00,2026-04-06 23:26:10.235521+00
opta,2a8bpbukyfmy1v6gtppmuw6w9,A. Antunes,A. Antunes,cjbaf8s09qoa1n11r33gc560x,Göztepe Spor Kulübü,MF,MIDFIELDER,2026-02-15 14:00:00+00,2026-04-04 11:30:00+00,t,2026-04-06 23:26:10.235521+00,2026-04-06 23:26:10.235521+00
opta,2b8o2a8dgok1ph4y2tj5ddzis,T. Aydın,T. Aydın,4idg23egrrvtrbgrg7p5x7bwf,Kasımpaşa Spor Kulübü,DF,DEFENDER,2026-02-23 17:00:00+00,2026-02-23 17:00:00+00,t,2026-04-06 23:26:10.235521+00,2026-04-06 23:26:10.235521+00
opta,2brxgxeqf3sp36scfedvbrndg,I. Manga,I. Manga,bmgtxgipsznlb1j20zwjti3xh,Eyüp Spor Kulübü,MF,MIDFIELDER,2026-03-18 17:00:00+00,2026-04-05 14:00:00+00,t,2026-04-06 23:26:10.235521+00,2026-04-06 23:26:10.235521+00
opta,2clpbungt3x2z4wwr5ecc4iga,A. Fayzullayev,A. Fayzullayev,47njg6cmlx5q3fvdsupd2n6qu,İstanbul Başakşehir Futbol Kulübü,MF,MIDFIELDER,2025-08-31 16:00:00+00,2026-03-07 13:00:00+00,t,2026-04-06 23:26:10.235521+00,2026-04-06 23:26:10.235521+00
opta,2cq6ocr7j487do4nrm3sreg9h,K. Demirbay,K. Demirbay,4idg23egrrvtrbgrg7p5x7bwf,Kasımpaşa Spor Kulübü,MF,MIDFIELDER,2025-08-10 18:30:00+00,2026-04-04 11:30:00+00,t,2026-04-06 23:26:10.235521+00,2026-04-06 23:26:10.235521+00
opta,2crf3grf6kbl06ol0bn3k006h,S. Koïta,S. Koïta,embqktr41hfzczc8uav1scmcn,Gençlerbirliği Spor Kulübü,MF,MIDFIELDER,2025-08-23 18:30:00+00,2026-04-04 11:30:00+00,t,2026-04-06 23:26:10.235521+00,2026-04-06 23:26:10.235521+00
opta,2e50rmuo2tdgksugzudbjankl,D. Livaković,D. Livaković,8lroq0cbhdxj8124qtxwrhvmm,Fenerbahçe Spor Kulübü,GK,GOALKEEPER,2025-08-31 16:00:00+00,2025-08-31 16:00:00+00,t,2026-04-06 23:26:10.235521+00,2026-04-06 23:26:10.235521+00
opta,2emondbzpba7r688x7rl963md,R. Safouri,R. Safouri,9irsyv431fpuqhqtfq9iwxf2u,Antalyaspor Kulübü,MF,MIDFIELDER,2025-09-13 14:00:00+00,2026-04-05 14:00:00+00,t,2026-04-06 23:26:10.235521+00,2026-04-06 23:26:10.235521+00
opta,2fxi6ojn7f16g6c8o53l8q73e,T. Jabol-Folcarelli,T. Jabol-Folcarelli,2yab38jdfl0gk2tei1mq40o06,Trabzonspor Kulübü,MF,MIDFIELDER,2025-08-11 18:30:00+00,2026-04-04 17:00:00+00,t,2026-04-06 23:26:10.235521+00,2026-04-06 23:26:10.235521+00
opta,2hi30w7qgazab2sp9ksw9neju,J. Kałuziński,J. Kałuziński,47njg6cmlx5q3fvdsupd2n6qu,İstanbul Başakşehir Futbol Kulübü,MF,MIDFIELDER,2025-08-09 18:30:00+00,2026-01-31 14:00:00+00,t,2026-04-06 23:26:10.235521+00,2026-04-06 23:26:10.235521+00
opta,2ieke8389dypbb2fwcsikcout,C. Højer,C. Højer,1lbrlj3uu8wi2h9j79snuoae4,Çaykur Rize Spor Kulübü,DF,DEFENDER,2025-08-10 16:00:00+00,2026-04-05 11:30:00+00,t,2026-04-06 23:26:10.235521+00,2026-04-06 23:26:10.235521+00
opta,2jdhaxtefr8dyxogyw2wwnwus,B. Moğultay,B. Moğultay,84fpe0iynjdghwysyo5tizdkk,Alanyaspor Kulübü,MF,MIDFIELDER,2025-12-21 11:30:00+00,2026-01-25 14:00:00+00,t,2026-04-06 23:26:10.235521+00,2026-04-06 23:26:10.235521+00
opta,2kte5o0a3o1wx9fepazzstqs5,P. Etebo,P. Etebo,embqktr41hfzczc8uav1scmcn,Gençlerbirliği Spor Kulübü,MF,MIDFIELDER,2025-08-09 16:00:00+00,2025-08-09 16:00:00+00,t,2026-04-06 23:26:10.235521+00,2026-04-06 23:26:10.235521+00
opta,2oelg4qzc5due7w9ue0af26l1,M. Abena,M. Abena,2agzb2h4ppg7lfz9hn7eg1rqo,Gaziantep Futbol Kulübü,DF,DEFENDER,2025-08-08 18:30:00+00,2026-04-04 14:00:00+00,t,2026-04-06 23:26:10.235521+00,2026-04-06 23:26:10.235521+00
opta,2pin0r9yarmnxjzz8qbbcw0h6,S. Onur,S. Onur,embqktr41hfzczc8uav1scmcn,Gençlerbirliği Spor Kulübü,MF,MIDFIELDER,2025-08-09 16:00:00+00,2026-03-19 17:00:00+00,t,2026-04-06 23:26:10.235521+00,2026-04-06 23:26:10.235521+00
opta,2proyx90nvdnfcxbt8bspmsfe,I. Brnić,I. Brnić,47njg6cmlx5q3fvdsupd2n6qu,İstanbul Başakşehir Futbol Kulübü,FW,FORWARD,2025-08-17 18:30:00+00,2026-04-06 17:00:00+00,t,2026-04-06 23:26:10.235521+00,2026-04-06 23:26:10.235521+00
opta,2qbjyogtelebwdxfvfjgbqe39,S. Larsson,S. Larsson,c3txoz57mu7w9y1jprvnv2flr,Fatih Karagümrük Spor Kulübü,FW,FORWARD,2025-09-21 17:00:00+00,2026-04-05 11:30:00+00,t,2026-04-06 23:26:10.235521+00,2026-04-06 23:26:10.235521+00
opta,2rn6u5zf54wf4b7yv8k43s74k,S. Babicka,S. Babicka,c3txoz57mu7w9y1jprvnv2flr,Fatih Karagümrük Spor Kulübü,MF,MIDFIELDER,2026-01-31 17:00:00+00,2026-04-05 11:30:00+00,t,2026-04-06 23:26:10.235521+00,2026-04-06 23:26:10.235521+00
opta,2rr6cgav1717cv95pjt64t08a,M. Tunalı,M. Tunalı,b703zecenioz21dnj3p63v3f7,Kocaelispor Kulübü,MF,MIDFIELDER,2025-08-16 16:00:00+00,2025-08-16 16:00:00+00,t,2026-04-06 23:26:10.235521+00,2026-04-06 23:26:10.235521+00
opta,2sxmpaw4khmgyym320oiwu3u,Melih İbrahimoğlu,Melih İbrahimoğlu,cw4lbdzlqqdvbkdkz00c9ye49,Konyaspor Kulübü,MF,MIDFIELDER,2025-08-10 18:30:00+00,2026-04-05 11:30:00+00,t,2026-04-06 23:26:10.235521+00,2026-04-06 23:26:10.235521+00
opta,2tl2m0571964mhyk5zi6721d6,T. Şahin,T. Şahin,1lbrlj3uu8wi2h9j79snuoae4,Çaykur Rize Spor Kulübü,DF,DEFENDER,2025-08-10 16:00:00+00,2026-03-14 17:00:00+00,t,2026-04-06 23:26:10.235521+00,2026-04-06 23:26:10.235521+00
opta,2up8evzdkkzxcodmtsuw1ugo9,S. Güler,S. Güler,c8ns6z3u8kxldv1zh1evu10rv,Kayseri Spor Kulübü,DF,DEFENDER,2025-08-17 16:00:00+00,2026-04-04 11:30:00+00,t,2026-04-06 23:26:10.235521+00,2026-04-06 23:26:10.235521+00
opta,2uyo09o5dotyzlme4pxosx591,F. Aliti,F. Aliti,84fpe0iynjdghwysyo5tizdkk,Alanyaspor Kulübü,DF,DEFENDER,2025-08-16 18:30:00+00,2026-04-04 14:00:00+00,t,2026-04-06 23:26:10.235521+00,2026-04-06 23:26:10.235521+00
opta,2vxcv7brsjfviyj9vgbdzjh79,A. Karimi,A. Karimi,c8ns6z3u8kxldv1zh1evu10rv,Kayseri Spor Kulübü,MF,MIDFIELDER,2025-08-17 18:30:00+00,2025-08-24 18:30:00+00,t,2026-04-06 23:26:10.235521+00,2026-04-06 23:26:10.235521+00
opta,2y9jp3hak8dnf8cavdqrx1cyd,Samu Sáiz,Samu Sáiz,bmgtxgipsznlb1j20zwjti3xh,Eyüp Spor Kulübü,SUB,SUBSTITUTE,2025-11-29 14:00:00+00,2025-11-29 14:00:00+00,t,2026-04-06 23:26:10.235521+00,2026-04-06 23:26:10.235521+00
opta,2z9h8lozjzxk4ah6ysho9hotl,K. Aktürkoğlu,K. Aktürkoğlu,8lroq0cbhdxj8124qtxwrhvmm,Fenerbahçe Spor Kulübü,FW,FORWARD,2025-09-14 16:00:00+00,2026-04-05 17:00:00+00,t,2026-04-06 23:26:10.235521+00,2026-04-06 23:26:10.235521+00
opta,2zn2o5lzchz7oattq9pnjr8wl,E. Roco,E. Roco,c3txoz57mu7w9y1jprvnv2flr,Fatih Karagümrük Spor Kulübü,DF,DEFENDER,2025-10-19 17:00:00+00,2025-12-07 11:30:00+00,t,2026-04-06 23:26:10.235521+00,2026-04-06 23:26:10.235521+00
opta,305nofkhifw9vg71q5yn5gclx,G. Sağlam,G. Sağlam,c8ns6z3u8kxldv1zh1evu10rv,Kayseri Spor Kulübü,SUB,SUBSTITUTE,2026-01-19 17:00:00+00,2026-03-19 13:00:00+00,t,2026-04-06 23:26:10.235521+00,2026-04-06 23:26:10.235521+00
opta,32eg012xx2vsvjotzlntoqzje,A. Yaşar,A. Yaşar,bmgtxgipsznlb1j20zwjti3xh,Eyüp Spor Kulübü,DF,DEFENDER,2026-03-09 13:00:00+00,2026-04-05 14:00:00+00,t,2026-04-06 23:26:10.235521+00,2026-04-06 23:26:10.235521+00
opta,339apsp7ty3ays5s0thkd3h1w,T. Bülbül,T. Bülbül,dpsnqu7pd2b0shfzjyn5j1znf,Samsunspor Kulübü,SUB,SUBSTITUTE,2025-09-17 17:00:00+00,2026-01-24 14:00:00+00,t,2026-04-06 23:26:10.235521+00,2026-04-06 23:26:10.235521+00
opta,34v5jfxiuihw9kywwxo0bxuz8,T. Bulut,T. Bulut,2ez9cvam9lp9jyhng3eh3znb4,Beşiktaş Jimnastik Kulübü,DF,DEFENDER,2025-08-17 18:30:00+00,2026-01-26 17:00:00+00,t,2026-04-06 23:26:10.235521+00,2026-04-06 23:26:10.235521+00
opta,363nsa82dww242zeo09wpcslx,T. Abraham,T. Abraham,2ez9cvam9lp9jyhng3eh3znb4,Beşiktaş Jimnastik Kulübü,FW,FORWARD,2025-08-17 18:30:00+00,2026-01-19 17:00:00+00,t,2026-04-06 23:26:10.235521+00,2026-04-06 23:26:10.235521+00
opta,36h87ecgmpjdltk1epsbvmiju,E. Agbadou,E. Agbadou,2ez9cvam9lp9jyhng3eh3znb4,Beşiktaş Jimnastik Kulübü,DF,DEFENDER,2026-02-08 17:00:00+00,2026-04-05 17:00:00+00,t,2026-04-06 23:26:10.235521+00,2026-04-06 23:26:10.235521+00
opta,372x6bro03xnm42b46oklv4l,E. Akbaba,E. Akbaba,bmgtxgipsznlb1j20zwjti3xh,Eyüp Spor Kulübü,MF,MIDFIELDER,2025-08-10 18:30:00+00,2026-03-15 13:00:00+00,t,2026-04-06 23:26:10.235521+00,2026-04-06 23:26:10.235521+00
opta,37ao6cj3w5pd5v5ap79fqlxw5,Rafa,Rafa,2ez9cvam9lp9jyhng3eh3znb4,Beşiktaş Jimnastik Kulübü,MF,MIDFIELDER,2025-08-17 18:30:00+00,2025-11-02 17:00:00+00,t,2026-04-06 23:26:10.235521+00,2026-04-06 23:26:10.235521+00
opta,3845lzar855rp3zp4stgmgul1,João Mendes,João Mendes,c8ns6z3u8kxldv1zh1evu10rv,Kayseri Spor Kulübü,MF,MIDFIELDER,2025-08-17 18:30:00+00,2026-04-04 11:30:00+00,t,2026-04-06 23:26:10.235521+00,2026-04-06 23:26:10.235521+00
opta,39v9rbuj4rjrd6n95z0isq8oa,D. Makarov,D. Makarov,c8ns6z3u8kxldv1zh1evu10rv,Kayseri Spor Kulübü,MF,MIDFIELDER,2026-02-01 17:00:00+00,2026-04-04 11:30:00+00,t,2026-04-06 23:26:10.235521+00,2026-04-06 23:26:10.235521+00
opta,3a0hnd7185zc2zx200v16pvkk,M. Buljubašić,M. Buljubašić,1lbrlj3uu8wi2h9j79snuoae4,Çaykur Rize Spor Kulübü,MF,MIDFIELDER,2025-08-16 18:30:00+00,2026-03-14 17:00:00+00,t,2026-04-06 23:26:10.235521+00,2026-04-06 23:26:10.235521+00
opta,3ay9g7bcovak003r00dy2kueh,Léo Duarte,Léo Duarte,47njg6cmlx5q3fvdsupd2n6qu,İstanbul Başakşehir Futbol Kulübü,DF,DEFENDER,2025-08-17 18:30:00+00,2026-04-06 17:00:00+00,t,2026-04-06 23:26:10.235521+00,2026-04-06 23:26:10.235521+00
opta,3azcz09h41svsjqkp6m676j9w,Felipe Augusto,Felipe Augusto,2yab38jdfl0gk2tei1mq40o06,Trabzonspor Kulübü,MF,MIDFIELDER,2025-08-11 18:30:00+00,2026-04-04 17:00:00+00,t,2026-04-06 23:26:10.235521+00,2026-04-06 23:26:10.235521+00
opta,3bnphjt458z3h73qi2wwno73d,T. Borevković,T. Borevković,dpsnqu7pd2b0shfzjyn5j1znf,Samsunspor Kulübü,DF,DEFENDER,2025-09-17 17:00:00+00,2026-04-05 11:30:00+00,t,2026-04-06 23:26:10.235521+00,2026-04-06 23:26:10.235521+00
opta,3c0valbjro2cpo9x2v038zdud,M. Nalepa,M. Nalepa,embqktr41hfzczc8uav1scmcn,Gençlerbirliği Spor Kulübü,MF,MIDFIELDER,2025-08-09 16:00:00+00,2025-08-23 18:30:00+00,t,2026-04-06 23:26:10.235521+00,2026-04-06 23:26:10.235521+00
opta,3eaocvbi0so7p2z4itqlwg2j9,V. Sarı,V. Sarı,9irsyv431fpuqhqtfq9iwxf2u,Antalyaspor Kulübü,DF,DEFENDER,2025-08-09 18:30:00+00,2026-04-05 14:00:00+00,t,2026-04-06 23:26:10.235521+00,2026-04-06 23:26:10.235521+00
opta,3fhoof7n4sjaizvotcmypb9at,Nélson Semedo,Nélson Semedo,8lroq0cbhdxj8124qtxwrhvmm,Fenerbahçe Spor Kulübü,DF,DEFENDER,2025-08-16 18:30:00+00,2026-04-05 17:00:00+00,t,2026-04-06 23:26:10.235521+00,2026-04-06 23:26:10.235521+00
opta,3g5ot4cvu4g9lflwa4u8pcvrp,U. Çakır,U. Çakır,esa748l653sss1wurz5ps3228,Galatasaray Spor Kulübü,GK,GOALKEEPER,2025-08-11 18:30:00+00,2026-04-04 17:00:00+00,t,2026-04-06 23:26:10.235521+00,2026-04-06 23:26:10.235521+00
opta,3j2pv0methgc8k8rtqbi079p1,F. Uduokhai,F. Uduokhai,2ez9cvam9lp9jyhng3eh3znb4,Beşiktaş Jimnastik Kulübü,DF,DEFENDER,2025-08-17 18:30:00+00,2026-04-05 17:00:00+00,t,2026-04-06 23:26:10.235521+00,2026-04-06 23:26:10.235521+00
opta,3jwq3hl4lg7lr3wt2nxafbeok,M. Bostan,M. Bostan,cw4lbdzlqqdvbkdkz00c9ye49,Konyaspor Kulübü,FW,FORWARD,2025-08-17 16:00:00+00,2026-01-19 14:00:00+00,t,2026-04-06 23:26:10.235521+00,2026-04-06 23:26:10.235521+00
opta,3kanomgapsyp3iorzq4ujp905,A. Szalai,A. Szalai,4idg23egrrvtrbgrg7p5x7bwf,Kasımpaşa Spor Kulübü,DF,DEFENDER,2025-08-09 18:30:00+00,2025-12-21 17:00:00+00,t,2026-04-06 23:26:10.235521+00,2026-04-06 23:26:10.235521+00
opta,3m81rmpqzm0j40978dmjig38q,M. Løvik,M. Løvik,2yab38jdfl0gk2tei1mq40o06,Trabzonspor Kulübü,DF,DEFENDER,2026-01-23 17:00:00+00,2026-04-04 17:00:00+00,t,2026-04-06 23:26:10.235521+00,2026-04-06 23:26:10.235521+00
opta,3nywtsbzd3od93xzrvh8zsyui,E. Muçi,E. Muçi,2yab38jdfl0gk2tei1mq40o06,Trabzonspor Kulübü,MF,MIDFIELDER,2025-08-31 18:30:00+00,2026-03-18 17:00:00+00,t,2026-04-06 23:26:10.235521+00,2026-04-06 23:26:10.235521+00
opta,3oac0in4gde0benm7f1ajvgx6,T. Akgün,T. Akgün,c3txoz57mu7w9y1jprvnv2flr,Fatih Karagümrük Spor Kulübü,MF,MIDFIELDER,2025-09-17 17:00:00+00,2025-09-17 17:00:00+00,t,2026-04-06 23:26:10.235521+00,2026-04-06 23:26:10.235521+00
opta,3pe0qhj6v6dj6xx4hbo444q21,B. Bayazıt,B. Bayazıt,c8ns6z3u8kxldv1zh1evu10rv,Kayseri Spor Kulübü,GK,GOALKEEPER,2025-08-17 18:30:00+00,2026-04-04 11:30:00+00,t,2026-04-06 23:26:10.235521+00,2026-04-06 23:26:10.235521+00
opta,3r0zrk71q71wjv2fqiu7qq2ok,J. Assoumou,J. Assoumou,dpsnqu7pd2b0shfzjyn5j1znf,Samsunspor Kulübü,FW,FORWARD,2026-01-24 14:00:00+00,2026-03-01 17:00:00+00,t,2026-04-06 23:26:10.235521+00,2026-04-06 23:26:10.235521+00
opta,3rh3mfijhf2horqlnflxzc6vp,Ryan Mendes,Ryan Mendes,b703zecenioz21dnj3p63v3f7,Kocaelispor Kulübü,FW,FORWARD,2025-08-11 18:30:00+00,2025-08-30 16:00:00+00,t,2026-04-06 23:26:10.235521+00,2026-04-06 23:26:10.235521+00
opta,3t5k0ynajs9x4yhzz56g69w4p,S. M'Bakata,S. M'Bakata,2agzb2h4ppg7lfz9hn7eg1rqo,Gaziantep Futbol Kulübü,DF,DEFENDER,2025-08-08 18:30:00+00,2025-08-08 18:30:00+00,t,2026-04-06 23:26:10.235521+00,2026-04-06 23:26:10.235521+00
opta,3uau62u6w1b34xw3lsuj1jyz9,J. Ćalušić,J. Ćalušić,cw4lbdzlqqdvbkdkz00c9ye49,Konyaspor Kulübü,SUB,SUBSTITUTE,2025-09-28 14:00:00+00,2025-12-20 11:30:00+00,t,2026-04-06 23:26:10.235521+00,2026-04-06 23:26:10.235521+00
opta,3ubr79nwdsgza9wncopzedqp6,M. Łęgowski,M. Łęgowski,bmgtxgipsznlb1j20zwjti3xh,Eyüp Spor Kulübü,MF,MIDFIELDER,2025-09-13 14:00:00+00,2026-03-18 17:00:00+00,t,2026-04-06 23:26:10.235521+00,2026-04-06 23:26:10.235521+00
opta,3uqgza8elvm9h2b4pcacv1ivp,J. Svensson,J. Svensson,2ez9cvam9lp9jyhng3eh3znb4,Beşiktaş Jimnastik Kulübü,DF,DEFENDER,2025-08-17 18:30:00+00,2025-10-22 17:00:00+00,t,2026-04-06 23:26:10.235521+00,2026-04-06 23:26:10.235521+00
opta,3uryxh0ztshuidtv7urv251hx,C. Tosun,C. Tosun,4idg23egrrvtrbgrg7p5x7bwf,Kasımpaşa Spor Kulübü,FW,FORWARD,2025-08-16 18:30:00+00,2026-04-04 11:30:00+00,t,2026-04-06 23:26:10.235521+00,2026-04-06 23:26:10.235521+00
opta,3vlfegi0u5rws1eh9ri1uiz85,U. Meraş,U. Meraş,bmgtxgipsznlb1j20zwjti3xh,Eyüp Spor Kulübü,DF,DEFENDER,2025-09-13 14:00:00+00,2026-04-05 14:00:00+00,t,2026-04-06 23:26:10.235521+00,2026-04-06 23:26:10.235521+00
opta,3vvabqz2v7zgx4xikpm19clhx,Y. Bennasser,Y. Bennasser,c8ns6z3u8kxldv1zh1evu10rv,Kayseri Spor Kulübü,MF,MIDFIELDER,2025-10-19 11:30:00+00,2026-04-04 11:30:00+00,t,2026-04-06 23:26:10.235521+00,2026-04-06 23:26:10.235521+00
opta,3vyk0gy15w7swy5y316drs1cl,Julián,Julián,9irsyv431fpuqhqtfq9iwxf2u,Antalyaspor Kulübü,GK,GOALKEEPER,2025-08-30 18:30:00+00,2026-03-18 17:00:00+00,t,2026-04-06 23:26:10.235521+00,2026-04-06 23:26:10.235521+00
opta,3wrgmi6cviuo8v4adr4a3bwus,P. Yıldırım,P. Yıldırım,9irsyv431fpuqhqtfq9iwxf2u,Antalyaspor Kulübü,FW,FORWARD,2025-08-09 18:30:00+00,2025-12-19 17:00:00+00,t,2026-04-06 23:26:10.235521+00,2026-04-06 23:26:10.235521+00
opta,3x8461vul4x2jdi2s0ue8xkic,E. Ortakaya,E. Ortakaya,bmgtxgipsznlb1j20zwjti3xh,Eyüp Spor Kulübü,DF,DEFENDER,2025-11-03 17:00:00+00,2026-01-26 17:00:00+00,t,2026-04-06 23:26:10.235521+00,2026-04-06 23:26:10.235521+00
opta,3ybhdcmr7vbgtl6xbqsbobhpm,M. Bokélé,M. Bokélé,cjbaf8s09qoa1n11r33gc560x,Göztepe Spor Kulübü,DF,DEFENDER,2025-08-10 16:00:00+00,2026-04-04 11:30:00+00,t,2026-04-06 23:26:10.235521+00,2026-04-06 23:26:10.235521+00
opta,3z1lfdoy92bq8airglbhx32tw,C. Çanak,C. Çanak,embqktr41hfzczc8uav1scmcn,Gençlerbirliği Spor Kulübü,FW,FORWARD,2025-08-31 18:30:00+00,2026-04-04 11:30:00+00,t,2026-04-06 23:26:10.235521+00,2026-04-06 23:26:10.235521+00
opta,3zfvbmppohz2naqcci09pt72s,B. Bouchouari,B. Bouchouari,2yab38jdfl0gk2tei1mq40o06,Trabzonspor Kulübü,MF,MIDFIELDER,2025-10-18 14:00:00+00,2026-04-04 17:00:00+00,t,2026-04-06 23:26:10.235521+00,2026-04-06 23:26:10.235521+00
opta,40018jqgzmw7r5ixvllgkhe6s,D. Dilmen,D. Dilmen,47njg6cmlx5q3fvdsupd2n6qu,İstanbul Başakşehir Futbol Kulübü,GK,GOALKEEPER,2025-08-31 16:00:00+00,2025-08-31 16:00:00+00,t,2026-04-06 23:26:10.235521+00,2026-04-06 23:26:10.235521+00
opta,404a9jkz8nfrscfjauau5k8gl,U. Nayir,U. Nayir,2yab38jdfl0gk2tei1mq40o06,Trabzonspor Kulübü,FW,FORWARD,2025-08-10 18:30:00+00,2026-04-04 17:00:00+00,t,2026-04-06 23:26:10.235521+00,2026-04-06 23:26:10.235521+00
opta,41p2ehbrignh3mpf90xf1vqhh,A. Gianniotis,A. Gianniotis,4idg23egrrvtrbgrg7p5x7bwf,Kasımpaşa Spor Kulübü,GK,GOALKEEPER,2025-08-09 18:30:00+00,2026-04-04 11:30:00+00,t,2026-04-06 23:26:10.235521+00,2026-04-06 23:26:10.235521+00
opta,428kqbonea29aiv0drqpqh2hh,V. Jurečka,V. Jurečka,1lbrlj3uu8wi2h9j79snuoae4,Çaykur Rize Spor Kulübü,SUB,SUBSTITUTE,2025-08-30 18:30:00+00,2025-12-06 14:00:00+00,t,2026-04-06 23:26:10.235521+00,2026-04-06 23:26:10.235521+00
opta,43zh2yj75awxpgel9jxqnw91x,A. Šporar,A. Šporar,84fpe0iynjdghwysyo5tizdkk,Alanyaspor Kulübü,FW,FORWARD,2025-08-16 18:30:00+00,2025-08-25 16:00:00+00,t,2026-04-06 23:26:10.235521+00,2026-04-06 23:26:10.235521+00
opta,456ih9axhyygnymgp0516qmzt,G. Yalçın,G. Yalçın,84fpe0iynjdghwysyo5tizdkk,Alanyaspor Kulübü,FW,FORWARD,2025-08-16 18:30:00+00,2026-04-04 14:00:00+00,t,2026-04-06 23:26:10.235521+00,2026-04-06 23:26:10.235521+00
opta,4603xrdk721lqhd1ejn62x5n9,L. Sané,L. Sané,esa748l653sss1wurz5ps3228,Galatasaray Spor Kulübü,MF,MIDFIELDER,2025-08-08 18:30:00+00,2026-03-07 17:00:00+00,t,2026-04-06 23:26:10.235521+00,2026-04-06 23:26:10.235521+00
opta,477ymvme3mxvj8yk4nqvfjj3e,D. Radu,D. Radu,bmgtxgipsznlb1j20zwjti3xh,Eyüp Spor Kulübü,MF,MIDFIELDER,2026-01-19 14:00:00+00,2026-04-05 14:00:00+00,t,2026-04-06 23:26:10.235521+00,2026-04-06 23:26:10.235521+00
opta,48ut25gtrubzjh2pzdyp7xuqd,G. Jung,G. Jung,c8ns6z3u8kxldv1zh1evu10rv,Kayseri Spor Kulübü,MF,MIDFIELDER,2025-08-17 18:30:00+00,2025-09-24 17:00:00+00,t,2026-04-06 23:26:10.235521+00,2026-04-06 23:26:10.235521+00
opta,49a9iffawhh36qev0fguqu4us,J. Olaïtan,J. Olaïtan,2ez9cvam9lp9jyhng3eh3znb4,Beşiktaş Jimnastik Kulübü,MF,MIDFIELDER,2025-08-10 16:00:00+00,2026-04-05 17:00:00+00,t,2026-04-06 23:26:10.235521+00,2026-04-06 23:26:10.235521+00
opta,49h4i0me8r4ro7230ybrjzrh1,Héliton,Héliton,cjbaf8s09qoa1n11r33gc560x,Göztepe Spor Kulübü,DF,DEFENDER,2025-08-10 16:00:00+00,2026-04-04 11:30:00+00,t,2026-04-06 23:26:10.235521+00,2026-04-06 23:26:10.235521+00
opta,49sl1kop4fnjrq5r26hwlls0k,J. Nonge,J. Nonge,b703zecenioz21dnj3p63v3f7,Kocaelispor Kulübü,MF,MIDFIELDER,2025-08-11 18:30:00+00,2026-03-18 13:00:00+00,t,2026-04-06 23:26:10.235521+00,2026-04-06 23:26:10.235521+00
opta,4aqpe5pcd6j3w4gv0vmczduy1,N. Mujakić,N. Mujakić,2agzb2h4ppg7lfz9hn7eg1rqo,Gaziantep Futbol Kulübü,DF,DEFENDER,2025-08-10 18:30:00+00,2026-03-17 17:00:00+00,t,2026-04-06 23:26:10.235521+00,2026-04-06 23:26:10.235521+00
opta,4bbqmasyopxoymo4umcxd4e09,Y. En-Nesyri,Y. En-Nesyri,8lroq0cbhdxj8124qtxwrhvmm,Fenerbahçe Spor Kulübü,FW,FORWARD,2025-08-16 18:30:00+00,2026-02-02 17:00:00+00,t,2026-04-06 23:26:10.235521+00,2026-04-06 23:26:10.235521+00
opta,4c9qa60p75pjojnvtams6th7u,A. Çankaya,A. Çankaya,c3txoz57mu7w9y1jprvnv2flr,Fatih Karagümrük Spor Kulübü,DF,DEFENDER,2025-08-15 18:30:00+00,2025-12-21 11:30:00+00,t,2026-04-06 23:26:10.235521+00,2026-04-06 23:26:10.235521+00
opta,4ctbawbdstcmedm56gxidm73e,M. Cinan,M. Cinan,b703zecenioz21dnj3p63v3f7,Kocaelispor Kulübü,DF,DEFENDER,2025-08-30 16:00:00+00,2026-04-06 17:00:00+00,t,2026-04-06 23:26:10.235521+00,2026-04-06 23:26:10.235521+00
opta,4drlqwqk6srxnncm79feyy7kl,Ľ. Šatka,Ľ. Šatka,dpsnqu7pd2b0shfzjyn5j1znf,Samsunspor Kulübü,DF,DEFENDER,2025-08-09 16:00:00+00,2026-03-15 17:00:00+00,t,2026-04-06 23:26:10.235521+00,2026-04-06 23:26:10.235521+00
opta,4ed53ididx3ulgsm4hslct2ax,B. Kapacak,B. Kapacak,c8ns6z3u8kxldv1zh1evu10rv,Kayseri Spor Kulübü,MF,MIDFIELDER,2025-08-17 18:30:00+00,2026-03-09 17:00:00+00,t,2026-04-06 23:26:10.235521+00,2026-04-06 23:26:10.235521+00
opta,4huwe4wnwwj948keblao2scmh,J. Espinoza,J. Espinoza,4idg23egrrvtrbgrg7p5x7bwf,Kasımpaşa Spor Kulübü,MF,MIDFIELDER,2025-08-09 18:30:00+00,2025-12-21 17:00:00+00,t,2026-04-06 23:26:10.235521+00,2026-04-06 23:26:10.235521+00
opta,4hwp3dxmcs9qn1hfl6i5j5s5x,G. Vural,G. Vural,9irsyv431fpuqhqtfq9iwxf2u,Antalyaspor Kulübü,FW,FORWARD,2025-08-09 18:30:00+00,2025-08-30 18:30:00+00,t,2026-04-06 23:26:10.235521+00,2026-04-06 23:26:10.235521+00
opta,4i0lhae9ggu7xzxg8on35qy95,C. Ndiaye,C. Ndiaye,dpsnqu7pd2b0shfzjyn5j1znf,Samsunspor Kulübü,FW,FORWARD,2025-09-21 17:00:00+00,2026-04-05 11:30:00+00,t,2026-04-06 23:26:10.235521+00,2026-04-06 23:26:10.235521+00
opta,4iika76paglrga9j1b02fvi6t,D. Rotariu,D. Rotariu,bmgtxgipsznlb1j20zwjti3xh,Eyüp Spor Kulübü,FW,FORWARD,2026-02-13 17:00:00+00,2026-02-28 17:00:00+00,t,2026-04-06 23:26:10.235521+00,2026-04-06 23:26:10.235521+00
opta,4j1oq24pfi728zyl2zkpptpsl,M. Škriniar,M. Škriniar,8lroq0cbhdxj8124qtxwrhvmm,Fenerbahçe Spor Kulübü,DF,DEFENDER,2025-08-16 18:30:00+00,2026-04-05 17:00:00+00,t,2026-04-06 23:26:10.235521+00,2026-04-06 23:26:10.235521+00
opta,4k0ni039sbjs4sqipk4v7k79x,D. Sánchez,D. Sánchez,esa748l653sss1wurz5ps3228,Galatasaray Spor Kulübü,DF,DEFENDER,2025-08-08 18:30:00+00,2026-04-04 17:00:00+00,t,2026-04-06 23:26:10.235521+00,2026-04-06 23:26:10.235521+00
opta,4kfx8fzf54bli2a2o0i3fvhed,S. Amrabat,S. Amrabat,8lroq0cbhdxj8124qtxwrhvmm,Fenerbahçe Spor Kulübü,SUB,SUBSTITUTE,2025-08-16 18:30:00+00,2025-08-23 18:30:00+00,t,2026-04-06 23:26:10.235521+00,2026-04-06 23:26:10.235521+00
opta,4lhyi7xvorswax9xwmz4v5tqt,Talisca,Talisca,8lroq0cbhdxj8124qtxwrhvmm,Fenerbahçe Spor Kulübü,FW,FORWARD,2025-08-16 18:30:00+00,2026-04-05 17:00:00+00,t,2026-04-06 23:26:10.235521+00,2026-04-06 23:26:10.235521+00
opta,4ltvjt9dqev404usxh77w0dwq,L. Mercan,L. Mercan,8lroq0cbhdxj8124qtxwrhvmm,Fenerbahçe Spor Kulübü,DF,DEFENDER,2025-09-17 17:00:00+00,2026-04-05 17:00:00+00,t,2026-04-06 23:26:10.235521+00,2026-04-06 23:26:10.235521+00
opta,4n7c1vbt01lpgzzx22u333t1x,L. Giannetti,L. Giannetti,9irsyv431fpuqhqtfq9iwxf2u,Antalyaspor Kulübü,DF,DEFENDER,2025-08-17 16:00:00+00,2026-04-05 14:00:00+00,t,2026-04-06 23:26:10.235521+00,2026-04-06 23:26:10.235521+00
opta,4ptbewxta7dlbxdtku07hjx0,Ibrahim Sabra,Ibrahim Sabra,cjbaf8s09qoa1n11r33gc560x,Göztepe Spor Kulübü,SUB,SUBSTITUTE,2025-08-10 16:00:00+00,2025-12-21 17:00:00+00,t,2026-04-06 23:26:10.235521+00,2026-04-06 23:26:10.235521+00
opta,4qfyg41it95a8xmy0zcagxbl5,D. Toköz,D. Toköz,c8ns6z3u8kxldv1zh1evu10rv,Kayseri Spor Kulübü,MF,MIDFIELDER,2025-08-17 18:30:00+00,2026-03-09 17:00:00+00,t,2026-04-06 23:26:10.235521+00,2026-04-06 23:26:10.235521+00
opta,4rp5snknt88bf4lws5t0o9gph,S. van de Streek,S. van de Streek,9irsyv431fpuqhqtfq9iwxf2u,Antalyaspor Kulübü,FW,FORWARD,2025-08-09 18:30:00+00,2026-04-05 14:00:00+00,t,2026-04-06 23:26:10.235521+00,2026-04-06 23:26:10.235521+00
opta,4rqxm4jl5moyh25mrayexa5be,K. Karataş,K. Karataş,47njg6cmlx5q3fvdsupd2n6qu,İstanbul Başakşehir Futbol Kulübü,DF,DEFENDER,2025-11-22 17:00:00+00,2026-03-18 17:00:00+00,t,2026-04-06 23:26:10.235521+00,2026-04-06 23:26:10.235521+00
opta,4uc2vupu807em337jzcnp8650,S. Karakoç,S. Karakoç,9irsyv431fpuqhqtfq9iwxf2u,Antalyaspor Kulübü,DF,DEFENDER,2025-09-13 14:00:00+00,2026-04-05 14:00:00+00,t,2026-04-06 23:26:10.235521+00,2026-04-06 23:26:10.235521+00
opta,4v5yc98ju05bn7q0xn7vjc1nu,Ö. Beyaz,Ö. Beyaz,47njg6cmlx5q3fvdsupd2n6qu,İstanbul Başakşehir Futbol Kulübü,MF,MIDFIELDER,2025-08-17 18:30:00+00,2025-09-17 17:00:00+00,t,2026-04-06 23:26:10.235521+00,2026-04-06 23:26:10.235521+00
opta,4v7z37sig08if2jqbcwz0a1ka,O. Bayrak,O. Bayrak,cjbaf8s09qoa1n11r33gc560x,Göztepe Spor Kulübü,MF,MIDFIELDER,2025-11-23 11:30:00+00,2026-03-14 17:00:00+00,t,2026-04-06 23:26:10.235521+00,2026-04-06 23:26:10.235521+00
opta,4vsthuswztd14qramrf42r28k,B. Yavuz,B. Yavuz,84fpe0iynjdghwysyo5tizdkk,Alanyaspor Kulübü,SUB,SUBSTITUTE,2025-12-21 11:30:00+00,2025-12-21 11:30:00+00,t,2026-04-06 23:26:10.235521+00,2026-04-06 23:26:10.235521+00
opta,4wqekpzlcztenasxob7a6tyax,H. Onyekuru,H. Onyekuru,embqktr41hfzczc8uav1scmcn,Gençlerbirliği Spor Kulübü,MF,MIDFIELDER,2025-08-17 16:00:00+00,2026-04-04 11:30:00+00,t,2026-04-06 23:26:10.235521+00,2026-04-06 23:26:10.235521+00
opta,4xwls9clzvb4qdgf57w006ru2,U. Yıldız,U. Yıldız,cjbaf8s09qoa1n11r33gc560x,Göztepe Spor Kulübü,DF,DEFENDER,2025-10-19 14:00:00+00,2026-03-07 13:00:00+00,t,2026-04-06 23:26:10.235521+00,2026-04-06 23:26:10.235521+00
opta,4zag4cvksx3e6lwea6pj51obu,Juan,Juan,cjbaf8s09qoa1n11r33gc560x,Göztepe Spor Kulübü,FW,FORWARD,2025-08-10 16:00:00+00,2026-04-04 11:30:00+00,t,2026-04-06 23:26:10.235521+00,2026-04-06 23:26:10.235521+00
opta,504o2odlvra056ouwcgreopgp,S. Szymański,S. Szymański,8lroq0cbhdxj8124qtxwrhvmm,Fenerbahçe Spor Kulübü,MF,MIDFIELDER,2025-08-16 18:30:00+00,2025-12-20 14:00:00+00,t,2026-04-06 23:26:10.235521+00,2026-04-06 23:26:10.235521+00
opta,51f3vubki4or5vaft5tromn3e,Y. Barası,Y. Barası,4idg23egrrvtrbgrg7p5x7bwf,Kasımpaşa Spor Kulübü,FW,FORWARD,2025-08-09 18:30:00+00,2025-12-21 17:00:00+00,t,2026-04-06 23:26:10.235521+00,2026-04-06 23:26:10.235521+00
opta,52ut0s4zkqwg7o10iywfcedp1,O. Çağlayan,O. Çağlayan,b703zecenioz21dnj3p63v3f7,Kocaelispor Kulübü,FW,FORWARD,2025-08-11 18:30:00+00,2025-08-30 16:00:00+00,t,2026-04-06 23:26:10.235521+00,2026-04-06 23:26:10.235521+00
opta,54wv75gwdcdawyp9vgadc03my,E. Canpolat,E. Canpolat,1lbrlj3uu8wi2h9j79snuoae4,Çaykur Rize Spor Kulübü,GK,GOALKEEPER,2025-08-10 16:00:00+00,2026-01-31 14:00:00+00,t,2026-04-06 23:26:10.235521+00,2026-04-06 23:26:10.235521+00
opta,565k7yocuzralidempe4kg1rd,G. Papanikolaou,G. Papanikolaou,1lbrlj3uu8wi2h9j79snuoae4,Çaykur Rize Spor Kulübü,MF,MIDFIELDER,2025-08-10 16:00:00+00,2026-04-05 11:30:00+00,t,2026-04-06 23:26:10.235521+00,2026-04-06 23:26:10.235521+00
opta,56sfr4f94bgln34zphp11x5ux,U. Güneş,U. Güneş,47njg6cmlx5q3fvdsupd2n6qu,İstanbul Başakşehir Futbol Kulübü,MF,MIDFIELDER,2025-08-17 18:30:00+00,2026-04-06 17:00:00+00,t,2026-04-06 23:26:10.235521+00,2026-04-06 23:26:10.235521+00
opta,57mo9ujjfk1jldzt9er6sqlbe,N. Korkmaz,N. Korkmaz,c8ns6z3u8kxldv1zh1evu10rv,Kayseri Spor Kulübü,MF,MIDFIELDER,2025-09-20 17:00:00+00,2025-12-13 14:00:00+00,t,2026-04-06 23:26:10.235521+00,2026-04-06 23:26:10.235521+00
opta,597piziedxtrw505e19cvdm95,M. Elia,M. Elia,84fpe0iynjdghwysyo5tizdkk,Alanyaspor Kulübü,FW,FORWARD,2025-09-21 14:00:00+00,2026-03-14 17:00:00+00,t,2026-04-06 23:26:10.235521+00,2026-04-06 23:26:10.235521+00
opta,59hf5uowq19ra4t40gjnco0ve,İ. Yüksek,İ. Yüksek,8lroq0cbhdxj8124qtxwrhvmm,Fenerbahçe Spor Kulübü,MF,MIDFIELDER,2025-08-23 18:30:00+00,2026-03-17 17:00:00+00,t,2026-04-06 23:26:10.235521+00,2026-04-06 23:26:10.235521+00
opta,5brwa0y63724t6s3y6gtz28yx,B. Özdemir,B. Özdemir,47njg6cmlx5q3fvdsupd2n6qu,İstanbul Başakşehir Futbol Kulübü,DF,DEFENDER,2025-08-17 18:30:00+00,2026-03-07 13:00:00+00,t,2026-04-06 23:26:10.235521+00,2026-04-06 23:26:10.235521+00
opta,5bzd1zkjjxv9gywnociynv6ne,Y. Özdemir,Y. Özdemir,84fpe0iynjdghwysyo5tizdkk,Alanyaspor Kulübü,MF,MIDFIELDER,2025-08-16 18:30:00+00,2025-11-03 17:00:00+00,t,2026-04-06 23:26:10.235521+00,2026-04-06 23:26:10.235521+00
opta,5edtlo5i3y7jthr27otqy819m,M. Pala,M. Pala,1lbrlj3uu8wi2h9j79snuoae4,Çaykur Rize Spor Kulübü,DF,DEFENDER,2025-08-10 16:00:00+00,2026-04-05 11:30:00+00,t,2026-04-06 23:26:10.235521+00,2026-04-06 23:26:10.235521+00
opta,5eym30brgmujovaeyb6dhhgfe,T. Coulibaly,T. Coulibaly,dpsnqu7pd2b0shfzjyn5j1znf,Samsunspor Kulübü,MF,MIDFIELDER,2025-09-13 14:00:00+00,2026-04-05 11:30:00+00,t,2026-04-06 23:26:10.235521+00,2026-04-06 23:26:10.235521+00
opta,5gc13odno30w98ib9ioqd1bmc,A. Arous,A. Arous,4idg23egrrvtrbgrg7p5x7bwf,Kasımpaşa Spor Kulübü,DF,DEFENDER,2025-09-21 17:00:00+00,2026-04-04 11:30:00+00,t,2026-04-06 23:26:10.235521+00,2026-04-06 23:26:10.235521+00
opta,5jv0xmo83g4lbzo8nodqbh46i,Jesper Ceesay,Jesper Ceesay,9irsyv431fpuqhqtfq9iwxf2u,Antalyaspor Kulübü,MF,MIDFIELDER,2025-08-17 16:00:00+00,2026-03-18 17:00:00+00,t,2026-04-06 23:26:10.235521+00,2026-04-06 23:26:10.235521+00
opta,5ku2vcdylsna349djfusjmuc4,M. Hekimoğlu,M. Hekimoğlu,2ez9cvam9lp9jyhng3eh3znb4,Beşiktaş Jimnastik Kulübü,FW,FORWARD,2025-09-29 17:00:00+00,2026-04-05 17:00:00+00,t,2026-04-06 23:26:10.235521+00,2026-04-06 23:26:10.235521+00
opta,5lod92rzgk5yj9hnanuav733e,Á. Torres,Á. Torres,bmgtxgipsznlb1j20zwjti3xh,Eyüp Spor Kulübü,FW,FORWARD,2026-01-19 14:00:00+00,2026-04-05 14:00:00+00,t,2026-04-06 23:26:10.235521+00,2026-04-06 23:26:10.235521+00
opta,5o87rq6ux71867sagd5d2e39,S. Gönül,S. Gönül,dpsnqu7pd2b0shfzjyn5j1znf,Samsunspor Kulübü,DF,DEFENDER,2025-08-16 16:00:00+00,2026-04-05 11:30:00+00,t,2026-04-06 23:26:10.235521+00,2026-04-06 23:26:10.235521+00
opta,5qs6q4zmy8hys1fc854ran5nu,D. Sikan,D. Sikan,2yab38jdfl0gk2tei1mq40o06,Trabzonspor Kulübü,MF,MIDFIELDER,2025-08-11 18:30:00+00,2025-12-22 17:00:00+00,t,2026-04-06 23:26:10.235521+00,2026-04-06 23:26:10.235521+00
opta,5rfktdh40rf3noeykoauyhca2,B. Balogh,B. Balogh,b703zecenioz21dnj3p63v3f7,Kocaelispor Kulübü,DF,DEFENDER,2025-09-14 16:00:00+00,2026-03-18 13:00:00+00,t,2026-04-06 23:26:10.235521+00,2026-04-06 23:26:10.235521+00
opta,5s5et0jb4d5pqouzlvb96gqmt,M. Hanousek,M. Hanousek,embqktr41hfzczc8uav1scmcn,Gençlerbirliği Spor Kulübü,DF,DEFENDER,2025-08-09 16:00:00+00,2026-04-04 11:30:00+00,t,2026-04-06 23:26:10.235521+00,2026-04-06 23:26:10.235521+00
opta,5tftsweiy7obql04egq6vxbs9,M. Demir,M. Demir,bmgtxgipsznlb1j20zwjti3xh,Eyüp Spor Kulübü,MF,MIDFIELDER,2025-08-10 18:30:00+00,2025-08-10 18:30:00+00,t,2026-04-06 23:26:10.235521+00,2026-04-06 23:26:10.235521+00
opta,5tp2a977wqqydtyjan46oexre,D. Demir,D. Demir,embqktr41hfzczc8uav1scmcn,Gençlerbirliği Spor Kulübü,SUB,SUBSTITUTE,2025-08-23 18:30:00+00,2026-01-25 14:00:00+00,t,2026-04-06 23:26:10.235521+00,2026-04-06 23:26:10.235521+00
opta,5wnt4q34ojngvtxturq18rvmd,Hwang Ui-Jo,Hwang Ui-Jo,84fpe0iynjdghwysyo5tizdkk,Alanyaspor Kulübü,MF,MIDFIELDER,2025-08-16 18:30:00+00,2026-04-04 14:00:00+00,t,2026-04-06 23:26:10.235521+00,2026-04-06 23:26:10.235521+00
opta,5x7l9mdtemj2hbgu4x12t5jbo,Jo Jin-Ho,Jo Jin-Ho,cw4lbdzlqqdvbkdkz00c9ye49,Konyaspor Kulübü,MF,MIDFIELDER,2025-09-22 17:00:00+00,2026-04-05 11:30:00+00,t,2026-04-06 23:26:10.235521+00,2026-04-06 23:26:10.235521+00
opta,5yg9ljo5pf1lo2xk74d0k240l,S. Mounié,S. Mounié,84fpe0iynjdghwysyo5tizdkk,Alanyaspor Kulübü,FW,FORWARD,2025-09-21 14:00:00+00,2026-04-04 14:00:00+00,t,2026-04-06 23:26:10.235521+00,2026-04-06 23:26:10.235521+00
opta,5zdwljsjn3rtk2me4h0iser4l,U. Akyol,U. Akyol,cw4lbdzlqqdvbkdkz00c9ye49,Konyaspor Kulübü,SUB,SUBSTITUTE,2025-10-05 11:30:00+00,2025-10-05 11:30:00+00,t,2026-04-06 23:26:10.235521+00,2026-04-06 23:26:10.235521+00
opta,5zlp0xtvzcdvaqlphapj07nxl,Afonso Sousa,Afonso Sousa,dpsnqu7pd2b0shfzjyn5j1znf,Samsunspor Kulübü,MF,MIDFIELDER,2025-08-31 18:30:00+00,2025-10-19 11:30:00+00,t,2026-04-06 23:26:10.235521+00,2026-04-06 23:26:10.235521+00
opta,605eaql6nnfj0v5nzywty0ftg,D. Dönmezer,D. Dönmezer,c8ns6z3u8kxldv1zh1evu10rv,Kayseri Spor Kulübü,GK,GOALKEEPER,2026-02-09 14:00:00+00,2026-02-09 14:00:00+00,t,2026-04-06 23:26:10.235521+00,2026-04-06 23:26:10.235521+00
opta,60vlsr1cbatbk1jemm1hc9olx,E. Taşkıran,E. Taşkıran,84fpe0iynjdghwysyo5tizdkk,Alanyaspor Kulübü,GK,GOALKEEPER,2025-08-16 18:30:00+00,2026-01-31 11:30:00+00,t,2026-04-06 23:26:10.235521+00,2026-04-06 23:26:10.235521+00
opta,60xm53o64nszavcsgfu5xzjyt,S. Svendsen,S. Svendsen,cw4lbdzlqqdvbkdkz00c9ye49,Konyaspor Kulübü,SUB,SUBSTITUTE,2026-01-19 14:00:00+00,2026-02-27 17:00:00+00,t,2026-04-06 23:26:10.235521+00,2026-04-06 23:26:10.235521+00
opta,61q0oiogz22nlytmstqmuxiax,O. Ülgün,O. Ülgün,embqktr41hfzczc8uav1scmcn,Gençlerbirliği Spor Kulübü,MF,MIDFIELDER,2025-08-31 16:00:00+00,2026-04-04 11:30:00+00,t,2026-04-06 23:26:10.235521+00,2026-04-06 23:26:10.235521+00
opta,61re5z4b3n6cxiqv7ehzcles4,B. Gueye,B. Gueye,9irsyv431fpuqhqtfq9iwxf2u,Antalyaspor Kulübü,FW,FORWARD,2025-10-19 14:00:00+00,2025-10-26 11:30:00+00,t,2026-04-06 23:26:10.235521+00,2026-04-06 23:26:10.235521+00
opta,6437iwpplyfh71o9b7uxdylii,P. Guèye,P. Guèye,4idg23egrrvtrbgrg7p5x7bwf,Kasımpaşa Spor Kulübü,FW,FORWARD,2025-08-09 18:30:00+00,2026-03-19 17:00:00+00,t,2026-04-06 23:26:10.235521+00,2026-04-06 23:26:10.235521+00
opta,64rhdkn5xwv6gkfpmntb34bje,A. Kızıldağ,A. Kızıldağ,2agzb2h4ppg7lfz9hn7eg1rqo,Gaziantep Futbol Kulübü,DF,DEFENDER,2025-08-08 18:30:00+00,2026-04-04 14:00:00+00,t,2026-04-06 23:26:10.235521+00,2026-04-06 23:26:10.235521+00
opta,65lw8cumhht72k21fwi1ydot1,J. Balkovec,J. Balkovec,c3txoz57mu7w9y1jprvnv2flr,Fatih Karagümrük Spor Kulübü,DF,DEFENDER,2025-08-15 18:30:00+00,2026-01-24 17:00:00+00,t,2026-04-06 23:26:10.235521+00,2026-04-06 23:26:10.235521+00
opta,6algmv1p6kjuh5v9ktws00tn8,A. Dennis,A. Dennis,cjbaf8s09qoa1n11r33gc560x,Göztepe Spor Kulübü,MF,MIDFIELDER,2025-08-10 16:00:00+00,2026-04-04 11:30:00+00,t,2026-04-06 23:26:10.235521+00,2026-04-06 23:26:10.235521+00
opta,6blahribhkku51p8td2trcl3p,Marcos Felipe,Marcos Felipe,bmgtxgipsznlb1j20zwjti3xh,Eyüp Spor Kulübü,GK,GOALKEEPER,2025-08-17 18:30:00+00,2026-04-05 14:00:00+00,t,2026-04-06 23:26:10.235521+00,2026-04-06 23:26:10.235521+00
opta,6c9jzebimd3c53gpxa35sxzah,L. Tómasson,L. Tómasson,dpsnqu7pd2b0shfzjyn5j1znf,Samsunspor Kulübü,DF,DEFENDER,2025-08-09 16:00:00+00,2026-03-15 17:00:00+00,t,2026-04-06 23:26:10.235521+00,2026-04-06 23:26:10.235521+00
opta,6dr0l2wrc75ez1zzaa3ccnu8l,G. Sazdağı,G. Sazdağı,2ez9cvam9lp9jyhng3eh3znb4,Beşiktaş Jimnastik Kulübü,MF,MIDFIELDER,2025-08-17 18:30:00+00,2026-04-05 17:00:00+00,t,2026-04-06 23:26:10.235521+00,2026-04-06 23:26:10.235521+00
opta,6eurs4xb95xl3cyn1ps48ieax,F. Chalov,F. Chalov,c8ns6z3u8kxldv1zh1evu10rv,Kayseri Spor Kulübü,MF,MIDFIELDER,2026-02-09 14:00:00+00,2026-04-04 11:30:00+00,t,2026-04-06 23:26:10.235521+00,2026-04-06 23:26:10.235521+00
opta,6h76le7q7tmvcvcynfkn3po0l,Y. Boli,Y. Boli,9irsyv431fpuqhqtfq9iwxf2u,Antalyaspor Kulübü,FW,FORWARD,2025-09-13 14:00:00+00,2026-04-05 14:00:00+00,t,2026-04-06 23:26:10.235521+00,2026-04-06 23:26:10.235521+00
opta,6h9nv8wfblox17wkudac1knh1,O. Tufan,O. Tufan,2yab38jdfl0gk2tei1mq40o06,Trabzonspor Kulübü,MF,MIDFIELDER,2025-08-18 18:30:00+00,2026-04-04 17:00:00+00,t,2026-04-06 23:26:10.235521+00,2026-04-06 23:26:10.235521+00
opta,6ho91cw0qaxyn6qovo3i1myg9,M. Eskihellaç,M. Eskihellaç,2yab38jdfl0gk2tei1mq40o06,Trabzonspor Kulübü,DF,DEFENDER,2025-08-11 18:30:00+00,2026-04-04 17:00:00+00,t,2026-04-06 23:26:10.235521+00,2026-04-06 23:26:10.235521+00
opta,6ita8t40qk3b85mrqpq71gjys,D. Fofana,D. Fofana,c3txoz57mu7w9y1jprvnv2flr,Fatih Karagümrük Spor Kulübü,FW,FORWARD,2025-09-21 17:00:00+00,2026-01-17 14:00:00+00,t,2026-04-06 23:26:10.235521+00,2026-04-06 23:26:10.235521+00
opta,6lxkawhg9z2jyh7u8d6hp3g15,A. Baldursson,A. Baldursson,4idg23egrrvtrbgrg7p5x7bwf,Kasımpaşa Spor Kulübü,MF,MIDFIELDER,2025-08-09 18:30:00+00,2026-04-04 11:30:00+00,t,2026-04-06 23:26:10.235521+00,2026-04-06 23:26:10.235521+00
opta,6n1l5va6m3rbvn6p2huyhp8x6,A. Mebude,A. Mebude,1lbrlj3uu8wi2h9j79snuoae4,Çaykur Rize Spor Kulübü,MF,MIDFIELDER,2026-01-31 14:00:00+00,2026-03-14 17:00:00+00,t,2026-04-06 23:26:10.235521+00,2026-04-06 23:26:10.235521+00
opta,6ol411t0mogw6m83heiqd0m39,K. Linetty,K. Linetty,b703zecenioz21dnj3p63v3f7,Kocaelispor Kulübü,MF,MIDFIELDER,2025-08-23 18:30:00+00,2026-04-06 17:00:00+00,t,2026-04-06 23:26:10.235521+00,2026-04-06 23:26:10.235521+00
opta,6oynq4ickyxictf2e0ilemqne,A. Musaba,A. Musaba,8lroq0cbhdxj8124qtxwrhvmm,Fenerbahçe Spor Kulübü,MF,MIDFIELDER,2025-08-31 18:30:00+00,2026-04-05 17:00:00+00,t,2026-04-06 23:26:10.235521+00,2026-04-06 23:26:10.235521+00
opta,6p4fs5rivwt0e45twlsf6ajth,J. Brenet,J. Brenet,c8ns6z3u8kxldv1zh1evu10rv,Kayseri Spor Kulübü,DF,DEFENDER,2026-02-09 14:00:00+00,2026-04-04 11:30:00+00,t,2026-04-06 23:26:10.235521+00,2026-04-06 23:26:10.235521+00
opta,6pm8i35uohexd43h6nsue5yxg,B. Kalaycı,B. Kalaycı,c3txoz57mu7w9y1jprvnv2flr,Fatih Karagümrük Spor Kulübü,FW,FORWARD,2025-08-15 18:30:00+00,2026-04-05 11:30:00+00,t,2026-04-06 23:26:10.235521+00,2026-04-06 23:26:10.235521+00
opta,6q0iuwoa8olkezlg4vo04je5m,B. Yılmaz,B. Yılmaz,esa748l653sss1wurz5ps3228,Galatasaray Spor Kulübü,MF,MIDFIELDER,2025-08-08 18:30:00+00,2026-04-04 17:00:00+00,t,2026-04-06 23:26:10.235521+00,2026-04-06 23:26:10.235521+00
opta,6rcpz4u8c90mcfl6nec0rhc2y,G. Gürpüz,G. Gürpüz,embqktr41hfzczc8uav1scmcn,Gençlerbirliği Spor Kulübü,MF,MIDFIELDER,2025-08-09 16:00:00+00,2026-04-04 11:30:00+00,t,2026-04-06 23:26:10.235521+00,2026-04-06 23:26:10.235521+00
opta,6rq0i6r3bff6uayugfc6895n9,A. Jovanović,A. Jovanović,b703zecenioz21dnj3p63v3f7,Kocaelispor Kulübü,GK,GOALKEEPER,2025-08-11 18:30:00+00,2026-01-18 14:00:00+00,t,2026-04-06 23:26:10.235521+00,2026-04-06 23:26:10.235521+00
opta,6rwmlyhqpu4cyysgvnj57y7dh,D. Türüç,D. Türüç,cw4lbdzlqqdvbkdkz00c9ye49,Konyaspor Kulübü,MF,MIDFIELDER,2025-08-17 18:30:00+00,2026-04-05 11:30:00+00,t,2026-04-06 23:26:10.235521+00,2026-04-06 23:26:10.235521+00
opta,6svn9e7iwbxqd1gl7c3oxois4,V. Gidado,V. Gidado,2agzb2h4ppg7lfz9hn7eg1rqo,Gaziantep Futbol Kulübü,MF,MIDFIELDER,2026-01-17 17:00:00+00,2026-03-17 17:00:00+00,t,2026-04-06 23:26:10.235521+00,2026-04-06 23:26:10.235521+00
opta,6svx5u21jrcch3ewpqqbxukmh,J. Bacuna,J. Bacuna,2agzb2h4ppg7lfz9hn7eg1rqo,Gaziantep Futbol Kulübü,MF,MIDFIELDER,2025-08-08 18:30:00+00,2025-12-14 11:30:00+00,t,2026-04-06 23:26:10.235521+00,2026-04-06 23:26:10.235521+00
opta,6tma6gvgf6xphc5gm2el35vbp,W. Ndidi,W. Ndidi,2ez9cvam9lp9jyhng3eh3znb4,Beşiktaş Jimnastik Kulübü,MF,MIDFIELDER,2025-08-17 18:30:00+00,2026-04-05 17:00:00+00,t,2026-04-06 23:26:10.235521+00,2026-04-06 23:26:10.235521+00
opta,6tooqhr31c9amf12nq0a8grt,D. Sinik,D. Sinik,9irsyv431fpuqhqtfq9iwxf2u,Antalyaspor Kulübü,FW,FORWARD,2025-09-28 17:00:00+00,2026-04-05 14:00:00+00,t,2026-04-06 23:26:10.235521+00,2026-04-06 23:26:10.235521+00
opta,6tyqf520jm9w64iudvxsdt621,A. Makoumbou,A. Makoumbou,dpsnqu7pd2b0shfzjyn5j1znf,Samsunspor Kulübü,MF,MIDFIELDER,2025-08-09 16:00:00+00,2026-04-05 11:30:00+00,t,2026-04-06 23:26:10.235521+00,2026-04-06 23:26:10.235521+00
opta,6w23fkopcsm3cnf91er59hr6x,O. Ergün,O. Ergün,47njg6cmlx5q3fvdsupd2n6qu,İstanbul Başakşehir Futbol Kulübü,MF,MIDFIELDER,2025-08-17 18:30:00+00,2026-03-14 17:00:00+00,t,2026-04-06 23:26:10.235521+00,2026-04-06 23:26:10.235521+00
opta,6w8tdanxas1ip6qyonsfgsnl6,M. Ștefănescu,M. Ștefănescu,cw4lbdzlqqdvbkdkz00c9ye49,Konyaspor Kulübü,MF,MIDFIELDER,2025-08-17 16:00:00+00,2025-11-24 17:00:00+00,t,2026-04-06 23:26:10.235521+00,2026-04-06 23:26:10.235521+00
opta,6yc09eth94qsachf595dyx6fp,D. Selke,D. Selke,47njg6cmlx5q3fvdsupd2n6qu,İstanbul Başakşehir Futbol Kulübü,FW,FORWARD,2025-08-17 18:30:00+00,2026-04-06 17:00:00+00,t,2026-04-06 23:26:10.235521+00,2026-04-06 23:26:10.235521+00
opta,6ynkke8gm0hxb5gipzwwriwo9,T. Sanuç,T. Sanuç,2agzb2h4ppg7lfz9hn7eg1rqo,Gaziantep Futbol Kulübü,DF,DEFENDER,2025-08-17 18:30:00+00,2026-04-04 14:00:00+00,t,2026-04-06 23:26:10.235521+00,2026-04-06 23:26:10.235521+00
opta,6za0ff4heyibetetkgor24xuy,O. Aydın,O. Aydın,8lroq0cbhdxj8124qtxwrhvmm,Fenerbahçe Spor Kulübü,FW,FORWARD,2025-08-16 18:30:00+00,2026-03-13 17:00:00+00,t,2026-04-06 23:26:10.235521+00,2026-04-06 23:26:10.235521+00
opta,6zs7tidv4dvab8ezc5ubmm12h,F. Kurucuk,F. Kurucuk,c3txoz57mu7w9y1jprvnv2flr,Fatih Karagümrük Spor Kulübü,DF,DEFENDER,2025-08-15 18:30:00+00,2026-03-08 10:30:00+00,t,2026-04-06 23:26:10.235521+00,2026-04-06 23:26:10.235521+00
opta,707ke4u3m5i7oauhvde702r8q,J. Katongo,J. Katongo,c8ns6z3u8kxldv1zh1evu10rv,Kayseri Spor Kulübü,DF,DEFENDER,2026-02-01 17:00:00+00,2026-04-04 11:30:00+00,t,2026-04-06 23:26:10.235521+00,2026-04-06 23:26:10.235521+00
opta,70esd7csbds20h5uazwktcbje,S. Boey,S. Boey,esa748l653sss1wurz5ps3228,Galatasaray Spor Kulübü,DF,DEFENDER,2026-02-08 14:00:00+00,2026-03-14 17:00:00+00,t,2026-04-06 23:26:10.235521+00,2026-04-06 23:26:10.235521+00
opta,717vm73id38xecbx14zlg7089,L. Pintor,L. Pintor,bmgtxgipsznlb1j20zwjti3xh,Eyüp Spor Kulübü,FW,FORWARD,2026-01-19 14:00:00+00,2026-03-18 17:00:00+00,t,2026-04-06 23:26:10.235521+00,2026-04-06 23:26:10.235521+00
opta,71mejkl1wxlrokzl7hyfox016,A. Zeqiri,A. Zeqiri,1lbrlj3uu8wi2h9j79snuoae4,Çaykur Rize Spor Kulübü,MF,MIDFIELDER,2025-08-10 16:00:00+00,2026-04-05 11:30:00+00,t,2026-04-06 23:26:10.235521+00,2026-04-06 23:26:10.235521+00
opta,72ei2918iof5nqexob4e2c6ad,D. Aleksić,D. Aleksić,cw4lbdzlqqdvbkdkz00c9ye49,Konyaspor Kulübü,MF,MIDFIELDER,2025-08-10 18:30:00+00,2025-08-29 18:30:00+00,t,2026-04-06 23:26:10.235521+00,2026-04-06 23:26:10.235521+00
opta,73g5ju8dgwnkb5ycubi1ddvmy,O. Ba,O. Ba,47njg6cmlx5q3fvdsupd2n6qu,İstanbul Başakşehir Futbol Kulübü,DF,DEFENDER,2025-08-17 18:30:00+00,2026-03-14 17:00:00+00,t,2026-04-06 23:26:10.235521+00,2026-04-06 23:26:10.235521+00
opta,74c15mfi1h4zrry5fo2q94ul1,R. Bazoer,R. Bazoer,cw4lbdzlqqdvbkdkz00c9ye49,Konyaspor Kulübü,DF,DEFENDER,2025-08-10 18:30:00+00,2026-03-19 17:00:00+00,t,2026-04-06 23:26:10.235521+00,2026-04-06 23:26:10.235521+00
opta,75g95p42i3msl3k11cnpwipcl,F. Diabaté,F. Diabaté,4idg23egrrvtrbgrg7p5x7bwf,Kasımpaşa Spor Kulübü,MF,MIDFIELDER,2025-09-21 17:00:00+00,2026-04-04 11:30:00+00,t,2026-04-06 23:26:10.235521+00,2026-04-06 23:26:10.235521+00
opta,769yy37z0a6rjk1khb2q5o0lw,H. Güreler,H. Güreler,47njg6cmlx5q3fvdsupd2n6qu,İstanbul Başakşehir Futbol Kulübü,DF,DEFENDER,2025-09-13 17:00:00+00,2026-03-07 13:00:00+00,t,2026-04-06 23:26:10.235521+00,2026-04-06 23:26:10.235521+00
opta,76n4eg1xu5qvf9bkwy4p8jsut,L. Dimata,L. Dimata,dpsnqu7pd2b0shfzjyn5j1znf,Samsunspor Kulübü,MF,MIDFIELDER,2025-08-09 16:00:00+00,2025-08-16 16:00:00+00,t,2026-04-06 23:26:10.235521+00,2026-04-06 23:26:10.235521+00
opta,76zo7cfzg0o1yuqqp3gtx3s44,İ. Buğa,İ. Buğa,cw4lbdzlqqdvbkdkz00c9ye49,Konyaspor Kulübü,MF,MIDFIELDER,2025-11-29 17:00:00+00,2025-12-06 14:00:00+00,t,2026-04-06 23:26:10.235521+00,2026-04-06 23:26:10.235521+00
opta,77988i6l4je97ycm9rthdims5,Paulo Victor,Paulo Victor,84fpe0iynjdghwysyo5tizdkk,Alanyaspor Kulübü,GK,GOALKEEPER,2026-02-08 17:00:00+00,2026-04-04 14:00:00+00,t,2026-04-06 23:26:10.235521+00,2026-04-06 23:26:10.235521+00
opta,79bw7jiayf8spgfww36ep127e,F. Gedik,F. Gedik,b703zecenioz21dnj3p63v3f7,Kocaelispor Kulübü,FW,FORWARD,2025-08-11 18:30:00+00,2025-12-14 14:00:00+00,t,2026-04-06 23:26:10.235521+00,2026-04-06 23:26:10.235521+00
opta,79mo2l821d5zq6dyrg9qkpf4l,E. Boateng,E. Boateng,2agzb2h4ppg7lfz9hn7eg1rqo,Gaziantep Futbol Kulübü,SUB,SUBSTITUTE,2025-08-08 18:30:00+00,2025-12-22 14:00:00+00,t,2026-04-06 23:26:10.235521+00,2026-04-06 23:26:10.235521+00
opta,7arn6sdynhciwqu32mju900a2,A. Batahov,A. Batahov,2yab38jdfl0gk2tei1mq40o06,Trabzonspor Kulübü,DF,DEFENDER,2025-08-11 18:30:00+00,2026-03-09 17:00:00+00,t,2026-04-06 23:26:10.235521+00,2026-04-06 23:26:10.235521+00
opta,7dhq3dcba9gojmk1nufggzbh1,Guilherme,Guilherme,cw4lbdzlqqdvbkdkz00c9ye49,Konyaspor Kulübü,DF,DEFENDER,2025-08-10 18:30:00+00,2026-02-14 14:00:00+00,t,2026-04-06 23:26:10.235521+00,2026-04-06 23:26:10.235521+00
opta,7ew7g18qo649t8ld44omgib55,N. Lang,N. Lang,esa748l653sss1wurz5ps3228,Galatasaray Spor Kulübü,MF,MIDFIELDER,2026-02-01 17:00:00+00,2026-04-04 17:00:00+00,t,2026-04-06 23:26:10.235521+00,2026-04-06 23:26:10.235521+00
opta,7h0gsxgvwctttg7n3r0uxcvrp,A. Gray,A. Gray,c3txoz57mu7w9y1jprvnv2flr,Fatih Karagümrük Spor Kulübü,FW,FORWARD,2025-08-15 18:30:00+00,2025-12-21 11:30:00+00,t,2026-04-06 23:26:10.235521+00,2026-04-06 23:26:10.235521+00
opta,7iqt50eaixxatz08dh54p81gq,H. Smolčić,H. Smolčić,b703zecenioz21dnj3p63v3f7,Kocaelispor Kulübü,DF,DEFENDER,2025-09-14 16:00:00+00,2026-04-06 17:00:00+00,t,2026-04-06 23:26:10.235521+00,2026-04-06 23:26:10.235521+00
opta,7k0v0qd35a8vxkewn5yfdf2s5,C. Opéri,C. Opéri,47njg6cmlx5q3fvdsupd2n6qu,İstanbul Başakşehir Futbol Kulübü,DF,DEFENDER,2025-08-31 16:00:00+00,2026-04-06 17:00:00+00,t,2026-04-06 23:26:10.235521+00,2026-04-06 23:26:10.235521+00
opta,7k55295fkimhvxbglho33bphx,Kévin Rodrigues,Kévin Rodrigues,2agzb2h4ppg7lfz9hn7eg1rqo,Gaziantep Futbol Kulübü,DF,DEFENDER,2025-08-08 18:30:00+00,2026-04-04 14:00:00+00,t,2026-04-06 23:26:10.235521+00,2026-04-06 23:26:10.235521+00
opta,7km4xkzmx7pytxxzcu7ugm0np,K. Ayhan,K. Ayhan,esa748l653sss1wurz5ps3228,Galatasaray Spor Kulübü,DF,DEFENDER,2025-08-08 18:30:00+00,2026-03-14 17:00:00+00,t,2026-04-06 23:26:10.235521+00,2026-04-06 23:26:10.235521+00
opta,7ky33hys0fljph2hyrw2e1hhx,R. Yalçın,R. Yalçın,bmgtxgipsznlb1j20zwjti3xh,Eyüp Spor Kulübü,DF,DEFENDER,2025-08-10 18:30:00+00,2026-01-31 11:30:00+00,t,2026-04-06 23:26:10.235521+00,2026-04-06 23:26:10.235521+00
opta,7mi6zfed4beiiv27x2gvimluc,Y. Demir,Y. Demir,8lroq0cbhdxj8124qtxwrhvmm,Fenerbahçe Spor Kulübü,DF,DEFENDER,2025-12-06 17:00:00+00,2026-03-17 17:00:00+00,t,2026-04-06 23:26:10.235521+00,2026-04-06 23:26:10.235521+00
opta,7nk0a34pfkkcvzo1ca9bl8sbu,D. Camara,D. Camara,2agzb2h4ppg7lfz9hn7eg1rqo,Gaziantep Futbol Kulübü,MF,MIDFIELDER,2025-09-14 16:00:00+00,2026-04-04 14:00:00+00,t,2026-04-06 23:26:10.235521+00,2026-04-06 23:26:10.235521+00
opta,7oz874vswi6nlp93fexpo1psl,L. Carole,L. Carole,c8ns6z3u8kxldv1zh1evu10rv,Kayseri Spor Kulübü,DF,DEFENDER,2025-08-17 18:30:00+00,2026-02-22 10:30:00+00,t,2026-04-06 23:26:10.235521+00,2026-04-06 23:26:10.235521+00
opta,7pfk9mvh6gdwplerhvfes0fhm,E. Destanoğlu,E. Destanoğlu,2ez9cvam9lp9jyhng3eh3znb4,Beşiktaş Jimnastik Kulübü,GK,GOALKEEPER,2025-10-22 17:00:00+00,2026-04-05 17:00:00+00,t,2026-04-06 23:26:10.235521+00,2026-04-06 23:26:10.235521+00
opta,7pv3n0vj8243p1di16regotsl,Nuno da Costa,Nuno da Costa,47njg6cmlx5q3fvdsupd2n6qu,İstanbul Başakşehir Futbol Kulübü,FW,FORWARD,2025-08-17 18:30:00+00,2026-04-06 17:00:00+00,t,2026-04-06 23:26:10.235521+00,2026-04-06 23:26:10.235521+00
opta,7pxzxpxy8kzh7uevovjhveuhh,Z. Yavru,Z. Yavru,dpsnqu7pd2b0shfzjyn5j1znf,Samsunspor Kulübü,DF,DEFENDER,2025-08-09 16:00:00+00,2026-04-05 11:30:00+00,t,2026-04-06 23:26:10.235521+00,2026-04-06 23:26:10.235521+00
opta,7q95vbax73djnuox340y1xxt6,H. Türkmen,H. Türkmen,9irsyv431fpuqhqtfq9iwxf2u,Antalyaspor Kulübü,DF,DEFENDER,2025-08-30 18:30:00+00,2026-03-13 17:00:00+00,t,2026-04-06 23:26:10.235521+00,2026-04-06 23:26:10.235521+00
opta,7qur36snq0se8ilg6fyxy4wr9,João Camacho,João Camacho,c3txoz57mu7w9y1jprvnv2flr,Fatih Karagümrük Spor Kulübü,MF,MIDFIELDER,2025-09-17 17:00:00+00,2025-11-30 17:00:00+00,t,2026-04-06 23:26:10.235521+00,2026-04-06 23:26:10.235521+00
opta,7ryk67v5ovygt0kqg0srvk5p1,T. Stepanenko,T. Stepanenko,bmgtxgipsznlb1j20zwjti3xh,Eyüp Spor Kulübü,MF,MIDFIELDER,2025-10-20 17:00:00+00,2025-12-20 14:00:00+00,t,2026-04-06 23:26:10.235521+00,2026-04-06 23:26:10.235521+00
opta,7vgdi4f6lm2vwxjz9rchk8bmd,M. Hosseini,M. Hosseini,c8ns6z3u8kxldv1zh1evu10rv,Kayseri Spor Kulübü,DF,DEFENDER,2025-08-17 18:30:00+00,2025-11-09 17:00:00+00,t,2026-04-06 23:26:10.235521+00,2026-04-06 23:26:10.235521+00
opta,7wh91ajt4v3w9kfdpp5hf5mmt,P. Onuachu,P. Onuachu,2yab38jdfl0gk2tei1mq40o06,Trabzonspor Kulübü,FW,FORWARD,2025-08-11 18:30:00+00,2026-04-04 17:00:00+00,t,2026-04-06 23:26:10.235521+00,2026-04-06 23:26:10.235521+00
opta,7wovx9b2bkkc2ett3m2b26iqy,J. Durán,J. Durán,8lroq0cbhdxj8124qtxwrhvmm,Fenerbahçe Spor Kulübü,SUB,SUBSTITUTE,2025-08-16 18:30:00+00,2026-01-25 17:00:00+00,t,2026-04-06 23:26:10.235521+00,2026-04-06 23:26:10.235521+00
opta,7xq62wsgh2tl36bwoq6r1xuc5,T. Serbest,T. Serbest,b703zecenioz21dnj3p63v3f7,Kocaelispor Kulübü,DF,DEFENDER,2025-08-23 18:30:00+00,2025-11-23 11:30:00+00,t,2026-04-06 23:26:10.235521+00,2026-04-06 23:26:10.235521+00
opta,7xufhlbrn5e3ty5d39wtsvdhw,A. Ünyay,A. Ünyay,esa748l653sss1wurz5ps3228,Galatasaray Spor Kulübü,SUB,SUBSTITUTE,2025-08-08 18:30:00+00,2025-12-21 17:00:00+00,t,2026-04-06 23:26:10.235521+00,2026-04-06 23:26:10.235521+00
opta,8058605f3gip7nglewe7svqzu,M. Mouandilmadji,M. Mouandilmadji,dpsnqu7pd2b0shfzjyn5j1znf,Samsunspor Kulübü,FW,FORWARD,2025-08-09 16:00:00+00,2026-04-05 11:30:00+00,t,2026-04-06 23:26:10.235521+00,2026-04-06 23:26:10.235521+00
opta,80c6c1f0swmmnpfci7b8kenhm,Maestro,Maestro,84fpe0iynjdghwysyo5tizdkk,Alanyaspor Kulübü,MF,MIDFIELDER,2025-08-16 18:30:00+00,2026-04-04 14:00:00+00,t,2026-04-06 23:26:10.235521+00,2026-04-06 23:26:10.235521+00
opta,821ma6ofy7t9wtdvu1w6uni09,Y. Fofana,Y. Fofana,1lbrlj3uu8wi2h9j79snuoae4,Çaykur Rize Spor Kulübü,GK,GOALKEEPER,2025-09-15 17:00:00+00,2026-04-05 11:30:00+00,t,2026-04-06 23:26:10.235521+00,2026-04-06 23:26:10.235521+00
opta,825clxaey53bu0od649tj7v8p,Ricardo Velho,Ricardo Velho,embqktr41hfzczc8uav1scmcn,Gençlerbirliği Spor Kulübü,GK,GOALKEEPER,2025-11-07 17:00:00+00,2026-04-04 11:30:00+00,t,2026-04-06 23:26:10.235521+00,2026-04-06 23:26:10.235521+00
opta,84qg8f7lr34fps859v324v4k5,I. Hagi,I. Hagi,84fpe0iynjdghwysyo5tizdkk,Alanyaspor Kulübü,MF,MIDFIELDER,2025-09-13 17:00:00+00,2026-04-04 14:00:00+00,t,2026-04-06 23:26:10.235521+00,2026-04-06 23:26:10.235521+00
opta,85kb69l8hw12muzozbezz4xnu,S. Sešlar,S. Sešlar,bmgtxgipsznlb1j20zwjti3xh,Eyüp Spor Kulübü,SUB,SUBSTITUTE,2025-08-17 18:30:00+00,2025-12-13 11:30:00+00,t,2026-04-06 23:26:10.235521+00,2026-04-06 23:26:10.235521+00
opta,872637pmn0qzomrkg7dzp747o,B. Başkan,B. Başkan,2yab38jdfl0gk2tei1mq40o06,Trabzonspor Kulübü,MF,MIDFIELDER,2025-09-27 17:00:00+00,2025-09-27 17:00:00+00,t,2026-04-06 23:26:10.235521+00,2026-04-06 23:26:10.235521+00
opta,88hqy3ztjmtahcv0sz6rduv6y,S. Saatçı,S. Saatçı,2yab38jdfl0gk2tei1mq40o06,Trabzonspor Kulübü,DF,DEFENDER,2025-12-07 17:00:00+00,2025-12-22 17:00:00+00,t,2026-04-06 23:26:10.235521+00,2026-04-06 23:26:10.235521+00
opta,8bop92zbfn8go91l90rsiw2dw,Mücahit İbrahimoğlu,Mücahit İbrahimoğlu,cw4lbdzlqqdvbkdkz00c9ye49,Konyaspor Kulübü,SUB,SUBSTITUTE,2025-10-22 17:00:00+00,2025-10-26 14:00:00+00,t,2026-04-06 23:26:10.235521+00,2026-04-06 23:26:10.235521+00
opta,8chm5e85mzq9evoyfe296u2ju,H. Aliqulov,H. Aliqulov,1lbrlj3uu8wi2h9j79snuoae4,Çaykur Rize Spor Kulübü,DF,DEFENDER,2025-08-10 16:00:00+00,2026-01-19 17:00:00+00,t,2026-04-06 23:26:10.235521+00,2026-04-06 23:26:10.235521+00
opta,8ctn052le81z249yyqlyfqi1h,H. Hajradinović,H. Hajradinović,4idg23egrrvtrbgrg7p5x7bwf,Kasımpaşa Spor Kulübü,MF,MIDFIELDER,2025-08-09 18:30:00+00,2025-09-28 14:00:00+00,t,2026-04-06 23:26:10.235521+00,2026-04-06 23:26:10.235521+00
opta,8dojejqo3oa4h5n3p5a8wdpzp,İ. Köybaşı,İ. Köybaşı,cjbaf8s09qoa1n11r33gc560x,Göztepe Spor Kulübü,DF,DEFENDER,2025-08-29 18:30:00+00,2026-01-25 17:00:00+00,t,2026-04-06 23:26:10.235521+00,2026-04-06 23:26:10.235521+00
opta,8elpov6dbuwf1s9jq56txaz9w,E. Kulašin,E. Kulašin,2agzb2h4ppg7lfz9hn7eg1rqo,Gaziantep Futbol Kulübü,SUB,SUBSTITUTE,2025-08-08 18:30:00+00,2025-09-20 17:00:00+00,t,2026-04-06 23:26:10.235521+00,2026-04-06 23:26:10.235521+00
opta,8fctg80d8jbnij34636np1o9g,E. Bulut,E. Bulut,1lbrlj3uu8wi2h9j79snuoae4,Çaykur Rize Spor Kulübü,FW,FORWARD,2025-08-16 18:30:00+00,2026-04-05 11:30:00+00,t,2026-04-06 23:26:10.235521+00,2026-04-06 23:26:10.235521+00
opta,8hyrf5r2s1ulw79orjf6rgxuy,T. Sarıarslan,T. Sarıarslan,c8ns6z3u8kxldv1zh1evu10rv,Kayseri Spor Kulübü,FW,FORWARD,2025-08-30 16:00:00+00,2026-03-15 17:00:00+00,t,2026-04-06 23:26:10.235521+00,2026-04-06 23:26:10.235521+00
opta,8jjep8bx1jpjuf8firxccc549,Tiago Djaló,Tiago Djaló,2ez9cvam9lp9jyhng3eh3znb4,Beşiktaş Jimnastik Kulübü,DF,DEFENDER,2025-08-31 18:30:00+00,2026-03-15 17:00:00+00,t,2026-04-06 23:26:10.235521+00,2026-04-06 23:26:10.235521+00
opta,8knj5nb3wf1wvleqfbwcxbrsa,A. Kurtulan,A. Kurtulan,cjbaf8s09qoa1n11r33gc560x,Göztepe Spor Kulübü,MF,MIDFIELDER,2025-08-10 16:00:00+00,2026-04-04 11:30:00+00,t,2026-04-06 23:26:10.235521+00,2026-04-06 23:26:10.235521+00
opta,8kttsnok9bbh7kpy3zz3j2xg5,A. Onana,A. Onana,2yab38jdfl0gk2tei1mq40o06,Trabzonspor Kulübü,GK,GOALKEEPER,2025-09-14 16:00:00+00,2026-04-04 17:00:00+00,t,2026-04-06 23:26:10.235521+00,2026-04-06 23:26:10.235521+00
opta,8kz0e83d3azssd7unbk2lqt0q,A. Brown,A. Brown,8lroq0cbhdxj8124qtxwrhvmm,Fenerbahçe Spor Kulübü,DF,DEFENDER,2025-08-16 18:30:00+00,2026-04-05 17:00:00+00,t,2026-04-06 23:26:10.235521+00,2026-04-06 23:26:10.235521+00
opta,8ox8sr19qwfoxvk2hfhx0xmmt,C. Yüksel,C. Yüksel,dpsnqu7pd2b0shfzjyn5j1znf,Samsunspor Kulübü,MF,MIDFIELDER,2025-08-09 16:00:00+00,2026-03-15 17:00:00+00,t,2026-04-06 23:26:10.235521+00,2026-04-06 23:26:10.235521+00
opta,8oxaa4x1ef8blo60kgqn9n90q,B. Bozan,B. Bozan,2agzb2h4ppg7lfz9hn7eg1rqo,Gaziantep Futbol Kulübü,GK,GOALKEEPER,2025-08-08 18:30:00+00,2026-03-17 17:00:00+00,t,2026-04-06 23:26:10.235521+00,2026-04-06 23:26:10.235521+00
opta,8p47d0e54hgl7d86vur1m5nmx,M. Sagnan,M. Sagnan,1lbrlj3uu8wi2h9j79snuoae4,Çaykur Rize Spor Kulübü,DF,DEFENDER,2025-09-15 17:00:00+00,2026-04-05 11:30:00+00,t,2026-04-06 23:26:10.235521+00,2026-04-06 23:26:10.235521+00
opta,8q4m06v3yfsq2iza942ezaxud,Cláudio Winck,Cláudio Winck,4idg23egrrvtrbgrg7p5x7bwf,Kasımpaşa Spor Kulübü,DF,DEFENDER,2025-08-09 18:30:00+00,2026-04-04 11:30:00+00,t,2026-04-06 23:26:10.235521+00,2026-04-06 23:26:10.235521+00
opta,8q92da2e1knj12sqfmg08ibfu,Y. Kabadayı,Y. Kabadayı,2agzb2h4ppg7lfz9hn7eg1rqo,Gaziantep Futbol Kulübü,FW,FORWARD,2025-09-14 16:00:00+00,2026-04-04 14:00:00+00,t,2026-04-06 23:26:10.235521+00,2026-04-06 23:26:10.235521+00
opta,8rfgwq7hbi4a3imda845vdyvp,M. Lemina,M. Lemina,esa748l653sss1wurz5ps3228,Galatasaray Spor Kulübü,MF,MIDFIELDER,2025-08-08 18:30:00+00,2026-04-04 17:00:00+00,t,2026-04-06 23:26:10.235521+00,2026-04-06 23:26:10.235521+00
opta,8s0owhf6ghck23cz1c71o3tn9,K. Çörekçi,K. Çörekçi,4idg23egrrvtrbgrg7p5x7bwf,Kasımpaşa Spor Kulübü,DF,DEFENDER,2026-01-30 17:00:00+00,2026-04-04 11:30:00+00,t,2026-04-06 23:26:10.235521+00,2026-04-06 23:26:10.235521+00
opta,8s5u921me5pvsfyvysjgpu2qy,M. Cham,M. Cham,2yab38jdfl0gk2tei1mq40o06,Trabzonspor Kulübü,SUB,SUBSTITUTE,2025-08-18 18:30:00+00,2025-08-18 18:30:00+00,t,2026-04-06 23:26:10.235521+00,2026-04-06 23:26:10.235521+00
opta,8s78im5w41yjauqwyu97kukt1,Ö. Şahiner,Ö. Şahiner,47njg6cmlx5q3fvdsupd2n6qu,İstanbul Başakşehir Futbol Kulübü,DF,DEFENDER,2025-09-28 14:00:00+00,2026-04-06 17:00:00+00,t,2026-04-06 23:26:10.235521+00,2026-04-06 23:26:10.235521+00
opta,8tvdf7atr0xvsn7fmgsltrbo5,A. Oğuz,A. Oğuz,b703zecenioz21dnj3p63v3f7,Kocaelispor Kulübü,DF,DEFENDER,2025-08-11 18:30:00+00,2026-04-06 17:00:00+00,t,2026-04-06 23:26:10.235521+00,2026-04-06 23:26:10.235521+00
opta,8u34awnq0thzmpqtfck8xxdqt,S. Dikmen,S. Dikmen,9irsyv431fpuqhqtfq9iwxf2u,Antalyaspor Kulübü,MF,MIDFIELDER,2025-08-09 18:30:00+00,2026-04-05 14:00:00+00,t,2026-04-06 23:26:10.235521+00,2026-04-06 23:26:10.235521+00
opta,8xr7cy8cy89qfxyi1n3egt82c,N. Miroshi,N. Miroshi,cjbaf8s09qoa1n11r33gc560x,Göztepe Spor Kulübü,MF,MIDFIELDER,2025-08-10 16:00:00+00,2026-04-04 11:30:00+00,t,2026-04-06 23:26:10.235521+00,2026-04-06 23:26:10.235521+00
opta,8yxa6unly2p4uxa2lexnd5xbd,A. Mocsi,A. Mocsi,1lbrlj3uu8wi2h9j79snuoae4,Çaykur Rize Spor Kulübü,SUB,SUBSTITUTE,2025-08-10 16:00:00+00,2026-02-28 10:30:00+00,t,2026-04-06 23:26:10.235521+00,2026-04-06 23:26:10.235521+00
opta,91gbj50pqjlxnjdmjm4gmqln8,D. Ertaş,D. Ertaş,cw4lbdzlqqdvbkdkz00c9ye49,Konyaspor Kulübü,GK,GOALKEEPER,2025-08-17 16:00:00+00,2025-10-22 17:00:00+00,t,2026-04-06 23:26:10.235521+00,2026-04-06 23:26:10.235521+00
opta,94ttww0of5y44e3i8ho2orbe2,E. Keskin,E. Keskin,84fpe0iynjdghwysyo5tizdkk,Alanyaspor Kulübü,MF,MIDFIELDER,2025-08-16 18:30:00+00,2026-04-04 14:00:00+00,t,2026-04-06 23:26:10.235521+00,2026-04-06 23:26:10.235521+00
opta,96biphxqiig7j3tjpncib9l3o,T. Ülvan,T. Ülvan,bmgtxgipsznlb1j20zwjti3xh,Eyüp Spor Kulübü,DF,DEFENDER,2025-08-10 18:30:00+00,2026-04-05 14:00:00+00,t,2026-04-06 23:26:10.235521+00,2026-04-06 23:26:10.235521+00
opta,96d5il3afakek9qvsbtldu162,F. Ebosele,F. Ebosele,47njg6cmlx5q3fvdsupd2n6qu,İstanbul Başakşehir Futbol Kulübü,DF,DEFENDER,2025-08-17 18:30:00+00,2026-03-14 17:00:00+00,t,2026-04-06 23:26:10.235521+00,2026-04-06 23:26:10.235521+00
opta,96w1jlcwuci7kqqfskfsp6191,Gabriel Paulista,Gabriel Paulista,2ez9cvam9lp9jyhng3eh3znb4,Beşiktaş Jimnastik Kulübü,DF,DEFENDER,2025-08-17 18:30:00+00,2025-12-20 17:00:00+00,t,2026-04-06 23:26:10.235521+00,2026-04-06 23:26:10.235521+00
opta,96xomdtz505yoaz35i5bb8f84,D. Nene,D. Nene,8lroq0cbhdxj8124qtxwrhvmm,Fenerbahçe Spor Kulübü,MF,MIDFIELDER,2025-08-31 16:00:00+00,2026-04-05 17:00:00+00,t,2026-04-06 23:26:10.235521+00,2026-04-06 23:26:10.235521+00
opta,971kypall9qayknky7tcgiwpg,Renato Nhaga,Renato Nhaga,esa748l653sss1wurz5ps3228,Galatasaray Spor Kulübü,MF,MIDFIELDER,2026-02-13 17:00:00+00,2026-03-14 17:00:00+00,t,2026-04-06 23:26:10.235521+00,2026-04-06 23:26:10.235521+00
opta,97g8xgl4o67z5z1u4q5ab53x0,H. İlçin,H. İlçin,9irsyv431fpuqhqtfq9iwxf2u,Antalyaspor Kulübü,MF,MIDFIELDER,2025-08-09 18:30:00+00,2025-10-03 17:00:00+00,t,2026-04-06 23:26:10.235521+00,2026-04-06 23:26:10.235521+00
opta,97pv7d7lbkovwn9gcpf0tpnmx,M. Bjørlo,M. Bjørlo,cw4lbdzlqqdvbkdkz00c9ye49,Konyaspor Kulübü,MF,MIDFIELDER,2025-08-10 18:30:00+00,2026-04-05 11:30:00+00,t,2026-04-06 23:26:10.235521+00,2026-04-06 23:26:10.235521+00
opta,9aafa664l1husrkrgqv25l42d,N. Storm,N. Storm,9irsyv431fpuqhqtfq9iwxf2u,Antalyaspor Kulübü,FW,FORWARD,2025-08-09 18:30:00+00,2026-04-05 14:00:00+00,t,2026-04-06 23:26:10.235521+00,2026-04-06 23:26:10.235521+00
opta,9b6p816gwjjgsmcxtlgkjys5w,A. Sy,A. Sy,bmgtxgipsznlb1j20zwjti3xh,Eyüp Spor Kulübü,FW,FORWARD,2026-04-05 14:00:00+00,2026-04-05 14:00:00+00,t,2026-04-06 23:26:10.235521+00,2026-04-06 23:26:10.235521+00
opta,9bgk9diu012z48k82z6tmedjo,D. Şahin,D. Şahin,2ez9cvam9lp9jyhng3eh3znb4,Beşiktaş Jimnastik Kulübü,FW,FORWARD,2025-09-24 17:00:00+00,2026-01-19 17:00:00+00,t,2026-04-06 23:26:10.235521+00,2026-04-06 23:26:10.235521+00
opta,9bqv99e39z86mn7dq3wnyt90p,I. Jakobs,I. Jakobs,esa748l653sss1wurz5ps3228,Galatasaray Spor Kulübü,DF,DEFENDER,2025-08-08 18:30:00+00,2026-04-04 17:00:00+00,t,2026-04-06 23:26:10.235521+00,2026-04-06 23:26:10.235521+00
opta,9c3lbvfg1i49wdj96vlzqhw16,A. Ndao,A. Ndao,cw4lbdzlqqdvbkdkz00c9ye49,Konyaspor Kulübü,MF,MIDFIELDER,2025-08-10 18:30:00+00,2025-11-09 11:30:00+00,t,2026-04-06 23:26:10.235521+00,2026-04-06 23:26:10.235521+00
opta,9d4gtvh2wplwc87rs42ut0frp,D. Johnson,D. Johnson,c3txoz57mu7w9y1jprvnv2flr,Fatih Karagümrük Spor Kulübü,MF,MIDFIELDER,2025-08-15 18:30:00+00,2026-03-19 13:00:00+00,t,2026-04-06 23:26:10.235521+00,2026-04-06 23:26:10.235521+00
opta,9f29ixunvhlsc99t4et1u8j4l,E. Yeşilyurt,E. Yeşilyurt,9irsyv431fpuqhqtfq9iwxf2u,Antalyaspor Kulübü,DF,DEFENDER,2026-02-13 17:00:00+00,2026-04-05 14:00:00+00,t,2026-04-06 23:26:10.235521+00,2026-04-06 23:26:10.235521+00
opta,9fkzbih2v2t6wddff0xnjs0kp,M. Yılmaz,M. Yılmaz,9irsyv431fpuqhqtfq9iwxf2u,Antalyaspor Kulübü,DF,DEFENDER,2025-08-09 18:30:00+00,2025-08-30 18:30:00+00,t,2026-04-06 23:26:10.235521+00,2026-04-06 23:26:10.235521+00
opta,9gx485tv4nu8ibv1xxdc59txx,M. Thiam,M. Thiam,bmgtxgipsznlb1j20zwjti3xh,Eyüp Spor Kulübü,MF,MIDFIELDER,2025-08-10 18:30:00+00,2025-12-20 14:00:00+00,t,2026-04-06 23:26:10.235521+00,2026-04-06 23:26:10.235521+00
opta,9ibfqo6hd2vre5nhkh9e2gnh1,B. Petković,B. Petković,b703zecenioz21dnj3p63v3f7,Kocaelispor Kulübü,FW,FORWARD,2025-08-11 18:30:00+00,2026-02-20 17:00:00+00,t,2026-04-06 23:26:10.235521+00,2026-04-06 23:26:10.235521+00
opta,9jpxgl28blgb6snm8yablg6ad,M. Fall,M. Fall,4idg23egrrvtrbgrg7p5x7bwf,Kasımpaşa Spor Kulübü,FW,FORWARD,2025-08-09 18:30:00+00,2026-01-30 17:00:00+00,t,2026-04-06 23:26:10.235521+00,2026-04-06 23:26:10.235521+00
opta,9knzabyk99932hq1cvfv5uwh5,O. Syrota,O. Syrota,b703zecenioz21dnj3p63v3f7,Kocaelispor Kulübü,SUB,SUBSTITUTE,2025-08-23 18:30:00+00,2025-11-28 17:00:00+00,t,2026-04-06 23:26:10.235521+00,2026-04-06 23:26:10.235521+00
opta,9l3a8zfatjdrisaslslrcygo9,T. Dele-Bashiru,T. Dele-Bashiru,embqktr41hfzczc8uav1scmcn,Gençlerbirliği Spor Kulübü,MF,MIDFIELDER,2025-09-20 14:00:00+00,2026-04-04 11:30:00+00,t,2026-04-06 23:26:10.235521+00,2026-04-06 23:26:10.235521+00
opta,9ldae6yfd62ufozkoiaab3fmd,N. Sangaré,N. Sangaré,2agzb2h4ppg7lfz9hn7eg1rqo,Gaziantep Futbol Kulübü,DF,DEFENDER,2025-11-03 17:00:00+00,2026-04-04 14:00:00+00,t,2026-04-06 23:26:10.235521+00,2026-04-06 23:26:10.235521+00
opta,9nc4syxz9spiidbk4ayg06vpw,K. Akyazı,K. Akyazı,cw4lbdzlqqdvbkdkz00c9ye49,Konyaspor Kulübü,FW,FORWARD,2025-10-05 11:30:00+00,2025-12-15 17:00:00+00,t,2026-04-06 23:26:10.235521+00,2026-04-06 23:26:10.235521+00
opta,9owke28lkb38dadiaw3alm5ii,Pedrinho,Pedrinho,cw4lbdzlqqdvbkdkz00c9ye49,Konyaspor Kulübü,MF,MIDFIELDER,2025-08-10 18:30:00+00,2025-12-20 11:30:00+00,t,2026-04-06 23:26:10.235521+00,2026-04-06 23:26:10.235521+00
opta,9p73wah65rnylr6rsdcs476ui,M. Altunbaş,M. Altunbaş,bmgtxgipsznlb1j20zwjti3xh,Eyüp Spor Kulübü,FW,FORWARD,2025-08-31 16:00:00+00,2026-03-18 17:00:00+00,t,2026-04-06 23:26:10.235521+00,2026-04-06 23:26:10.235521+00
opta,9pi6iv3v58tzwbnaojw7udr6d,L. Bénes,L. Bénes,c8ns6z3u8kxldv1zh1evu10rv,Kayseri Spor Kulübü,MF,MIDFIELDER,2025-08-17 18:30:00+00,2026-04-04 11:30:00+00,t,2026-04-06 23:26:10.235521+00,2026-04-06 23:26:10.235521+00
opta,9qe7czo24c9hz308iuzgx9nxm,Oh Hyeon-Gyu,Oh Hyeon-Gyu,2ez9cvam9lp9jyhng3eh3znb4,Beşiktaş Jimnastik Kulübü,FW,FORWARD,2026-02-08 17:00:00+00,2026-04-05 17:00:00+00,t,2026-04-06 23:26:10.235521+00,2026-04-06 23:26:10.235521+00
opta,9qk1hoxri8dee6yat0cateqxh,M. Niang,M. Niang,embqktr41hfzczc8uav1scmcn,Gençlerbirliği Spor Kulübü,FW,FORWARD,2025-08-31 16:00:00+00,2026-04-04 11:30:00+00,t,2026-04-06 23:26:10.235521+00,2026-04-06 23:26:10.235521+00
opta,9tbzhj4znti6dj70d8fil19be,Y. Ackah,Y. Ackah,c8ns6z3u8kxldv1zh1evu10rv,Kayseri Spor Kulübü,MF,MIDFIELDER,2025-08-17 18:30:00+00,2025-08-30 16:00:00+00,t,2026-04-06 23:26:10.235521+00,2026-04-06 23:26:10.235521+00
opta,9w074kbnsf0pny09g1hbej015,Thalisson,Thalisson,embqktr41hfzczc8uav1scmcn,Gençlerbirliği Spor Kulübü,DF,DEFENDER,2025-08-09 16:00:00+00,2026-04-04 11:30:00+00,t,2026-04-06 23:26:10.235521+00,2026-04-06 23:26:10.235521+00
opta,9wbf00lybk9fqablaqwg5cn2t,İ. Gündoğan,İ. Gündoğan,esa748l653sss1wurz5ps3228,Galatasaray Spor Kulübü,MF,MIDFIELDER,2025-09-13 14:00:00+00,2026-04-04 17:00:00+00,t,2026-04-06 23:26:10.235521+00,2026-04-06 23:26:10.235521+00
opta,9x6pm5eos9eq95knlqijujjai,T. Çukur,T. Çukur,c3txoz57mu7w9y1jprvnv2flr,Fatih Karagümrük Spor Kulübü,FW,FORWARD,2025-08-15 18:30:00+00,2026-04-05 11:30:00+00,t,2026-04-06 23:26:10.235521+00,2026-04-06 23:26:10.235521+00
opta,9yr3pfa15sb0lljanpcer15p0,Emersonn,Emersonn,cjbaf8s09qoa1n11r33gc560x,Göztepe Spor Kulübü,FW,FORWARD,2025-08-10 16:00:00+00,2025-08-22 18:30:00+00,t,2026-04-06 23:26:10.235521+00,2026-04-06 23:26:10.235521+00
opta,9yu112y45ylob6zg6mh209m95,Y. Subaşı,Y. Subaşı,cw4lbdzlqqdvbkdkz00c9ye49,Konyaspor Kulübü,DF,DEFENDER,2025-10-26 14:00:00+00,2026-03-08 13:00:00+00,t,2026-04-06 23:26:10.235521+00,2026-04-06 23:26:10.235521+00
opta,9zh4qj9n8utbaovz281qzo3x1,B. Kramer,B. Kramer,cw4lbdzlqqdvbkdkz00c9ye49,Konyaspor Kulübü,FW,FORWARD,2026-01-25 11:30:00+00,2026-04-05 11:30:00+00,t,2026-04-06 23:26:10.235521+00,2026-04-06 23:26:10.235521+00
opta,a15xetizb10ilu9v9inuttqwa,E. Elmalı,E. Elmalı,esa748l653sss1wurz5ps3228,Galatasaray Spor Kulübü,DF,DEFENDER,2025-08-08 18:30:00+00,2026-04-04 17:00:00+00,t,2026-04-06 23:26:10.235521+00,2026-04-06 23:26:10.235521+00
opta,a21winmltx1h9oiwqtfditkut,E. Shomurodov,E. Shomurodov,47njg6cmlx5q3fvdsupd2n6qu,İstanbul Başakşehir Futbol Kulübü,MF,MIDFIELDER,2025-08-17 18:30:00+00,2026-04-06 17:00:00+00,t,2026-04-06 23:26:10.235521+00,2026-04-06 23:26:10.235521+00
opta,a2en61rsgtvj6n60rp9durxlh,Miguel Cardoso,Miguel Cardoso,c8ns6z3u8kxldv1zh1evu10rv,Kayseri Spor Kulübü,MF,MIDFIELDER,2025-08-17 18:30:00+00,2026-04-04 11:30:00+00,t,2026-04-06 23:26:10.235521+00,2026-04-06 23:26:10.235521+00
opta,a2n2kf64vijufnqnypmn2h2qc,A. Kalın,A. Kalın,2agzb2h4ppg7lfz9hn7eg1rqo,Gaziantep Futbol Kulübü,FW,FORWARD,2025-08-17 16:00:00+00,2025-08-17 16:00:00+00,t,2026-04-06 23:26:10.235521+00,2026-04-06 23:26:10.235521+00
opta,a38yzp61vlk5x7ib4yspxrx05,Pedro Pereira,Pedro Pereira,embqktr41hfzczc8uav1scmcn,Gençlerbirliği Spor Kulübü,DF,DEFENDER,2025-08-09 16:00:00+00,2026-04-04 11:30:00+00,t,2026-04-06 23:26:10.235521+00,2026-04-06 23:26:10.235521+00
opta,a3jfrny5lvsojw19htvz2cogl,S. Gürler,S. Gürler,bmgtxgipsznlb1j20zwjti3xh,Eyüp Spor Kulübü,DF,DEFENDER,2025-08-10 18:30:00+00,2025-12-20 14:00:00+00,t,2026-04-06 23:26:10.235521+00,2026-04-06 23:26:10.235521+00
opta,a3s4i95z3u1m1vqdrhuhlabmy,J. Muleka,J. Muleka,cw4lbdzlqqdvbkdkz00c9ye49,Konyaspor Kulübü,FW,FORWARD,2025-08-29 18:30:00+00,2026-04-05 11:30:00+00,t,2026-04-06 23:26:10.235521+00,2026-04-06 23:26:10.235521+00
opta,a3x1zd1zarf5tuualhfdy47h1,Y. Andzouana,Y. Andzouana,cw4lbdzlqqdvbkdkz00c9ye49,Konyaspor Kulübü,DF,DEFENDER,2025-08-10 18:30:00+00,2026-04-05 11:30:00+00,t,2026-04-06 23:26:10.235521+00,2026-04-06 23:26:10.235521+00
opta,a4fgdp1tbfilmrrgwl99y29gq,E. Özbek,E. Özbek,c8ns6z3u8kxldv1zh1evu10rv,Kayseri Spor Kulübü,MF,MIDFIELDER,2025-09-24 17:00:00+00,2026-02-15 14:00:00+00,t,2026-04-06 23:26:10.235521+00,2026-04-06 23:26:10.235521+00
opta,a7qvmkjm9v14t8nv2kq2c8vmc,A. Müjde,A. Müjde,4idg23egrrvtrbgrg7p5x7bwf,Kasımpaşa Spor Kulübü,MF,MIDFIELDER,2025-08-18 18:30:00+00,2025-12-21 17:00:00+00,t,2026-04-06 23:26:10.235521+00,2026-04-06 23:26:10.235521+00
opta,a86j56bn5wd6k9ut7ltf6whgq,Gabriel Sara,Gabriel Sara,esa748l653sss1wurz5ps3228,Galatasaray Spor Kulübü,MF,MIDFIELDER,2025-08-08 18:30:00+00,2026-03-14 17:00:00+00,t,2026-04-06 23:26:10.235521+00,2026-04-06 23:26:10.235521+00
opta,a8ibk15ekdf3pu1n8iq40lcyd,K. Paal,K. Paal,9irsyv431fpuqhqtfq9iwxf2u,Antalyaspor Kulübü,DF,DEFENDER,2025-08-09 18:30:00+00,2026-04-05 14:00:00+00,t,2026-04-06 23:26:10.235521+00,2026-04-06 23:26:10.235521+00
opta,a90ij1awgqzkdenmj391fiz11,I. Lichnovsky,I. Lichnovsky,c3txoz57mu7w9y1jprvnv2flr,Fatih Karagümrük Spor Kulübü,DF,DEFENDER,2026-02-07 11:30:00+00,2026-04-05 11:30:00+00,t,2026-04-06 23:26:10.235521+00,2026-04-06 23:26:10.235521+00
opta,ac9cogzo75g9qqbglhophwx5h,D. Goutas,D. Goutas,embqktr41hfzczc8uav1scmcn,Gençlerbirliği Spor Kulübü,DF,DEFENDER,2025-08-09 16:00:00+00,2026-04-04 11:30:00+00,t,2026-04-06 23:26:10.235521+00,2026-04-06 23:26:10.235521+00
opta,ad3d93oh7zcf8rozwheaklpwq,S. Ballet,S. Ballet,9irsyv431fpuqhqtfq9iwxf2u,Antalyaspor Kulübü,MF,MIDFIELDER,2025-09-13 14:00:00+00,2026-04-05 14:00:00+00,t,2026-04-06 23:26:10.235521+00,2026-04-06 23:26:10.235521+00
opta,adbr7wt8l9cv4wg7i1e2wirpx,M. Kranevitter,M. Kranevitter,c3txoz57mu7w9y1jprvnv2flr,Fatih Karagümrük Spor Kulübü,MF,MIDFIELDER,2025-10-19 17:00:00+00,2026-03-19 13:00:00+00,t,2026-04-06 23:26:10.235521+00,2026-04-06 23:26:10.235521+00
opta,adwfwvdij6onaszluqocifahh,A. Bardakcı,A. Bardakcı,esa748l653sss1wurz5ps3228,Galatasaray Spor Kulübü,DF,DEFENDER,2025-08-08 18:30:00+00,2026-04-04 17:00:00+00,t,2026-04-06 23:26:10.235521+00,2026-04-06 23:26:10.235521+00
opta,aek62rrx89nsolc087n8m9h3p,E. Erentürk,E. Erentürk,embqktr41hfzczc8uav1scmcn,Gençlerbirliği Spor Kulübü,GK,GOALKEEPER,2025-09-15 17:00:00+00,2025-11-01 14:00:00+00,t,2026-04-06 23:26:10.235521+00,2026-04-06 23:26:10.235521+00
opta,af83ncwamcfy2tdi1ig3crthw,K. Cihan,K. Cihan,c8ns6z3u8kxldv1zh1evu10rv,Kayseri Spor Kulübü,DF,DEFENDER,2025-08-30 16:00:00+00,2025-09-24 17:00:00+00,t,2026-04-06 23:26:10.235521+00,2026-04-06 23:26:10.235521+00
opta,ahhjd38eki0yws3iw1si0082x,R. van Drongelen,R. van Drongelen,dpsnqu7pd2b0shfzjyn5j1znf,Samsunspor Kulübü,DF,DEFENDER,2025-08-09 16:00:00+00,2026-04-05 11:30:00+00,t,2026-04-06 23:26:10.235521+00,2026-04-06 23:26:10.235521+00
opta,ahhofgxfklzx3qaraid56ye50,S. Malkoçoğlu,S. Malkoçoğlu,2yab38jdfl0gk2tei1mq40o06,Trabzonspor Kulübü,MF,MIDFIELDER,2025-09-14 16:00:00+00,2026-04-04 17:00:00+00,t,2026-04-06 23:26:10.235521+00,2026-04-06 23:26:10.235521+00
opta,ahrnav5hhvd8fy2h0h9h77ug9,D. Sorescu,D. Sorescu,2agzb2h4ppg7lfz9hn7eg1rqo,Gaziantep Futbol Kulübü,SUB,SUBSTITUTE,2025-08-08 18:30:00+00,2026-03-13 17:00:00+00,t,2026-04-06 23:26:10.235521+00,2026-04-06 23:26:10.235521+00
opta,aj0oeo7zqzr05smbpl8gxnwno,M. Kadıoğlu,M. Kadıoğlu,c3txoz57mu7w9y1jprvnv2flr,Fatih Karagümrük Spor Kulübü,DF,DEFENDER,2025-08-30 18:30:00+00,2026-04-05 11:30:00+00,t,2026-04-06 23:26:10.235521+00,2026-04-06 23:26:10.235521+00
opta,ajcblksnh113es9hzt7l5k8h5,D. Drăguș,D. Drăguș,2agzb2h4ppg7lfz9hn7eg1rqo,Gaziantep Futbol Kulübü,FW,FORWARD,2025-08-10 18:30:00+00,2026-04-04 14:00:00+00,t,2026-04-06 23:26:10.235521+00,2026-04-06 23:26:10.235521+00
opta,ajzkerdcpeug1dxnr1dko9fxl,A. Dijksteel,A. Dijksteel,b703zecenioz21dnj3p63v3f7,Kocaelispor Kulübü,DF,DEFENDER,2025-08-11 18:30:00+00,2026-04-06 17:00:00+00,t,2026-04-06 23:26:10.235521+00,2026-04-06 23:26:10.235521+00
opta,akg5wowemzbijxrx3catrnaxg,A. Özcan,A. Özcan,embqktr41hfzczc8uav1scmcn,Gençlerbirliği Spor Kulübü,FW,FORWARD,2025-08-09 16:00:00+00,2025-12-07 11:30:00+00,t,2026-04-06 23:26:10.235521+00,2026-04-06 23:26:10.235521+00
opta,ald5oocxwh4pip8fw6v3ym8h6,J. Rak-Sakyi,J. Rak-Sakyi,1lbrlj3uu8wi2h9j79snuoae4,Çaykur Rize Spor Kulübü,MF,MIDFIELDER,2025-09-28 14:00:00+00,2025-12-20 17:00:00+00,t,2026-04-06 23:26:10.235521+00,2026-04-06 23:26:10.235521+00
opta,alic8z5h7h9qlr1p4ujvc3ris,A. Nagalo,A. Nagalo,cw4lbdzlqqdvbkdkz00c9ye49,Konyaspor Kulübü,DF,DEFENDER,2026-01-31 17:00:00+00,2026-04-05 11:30:00+00,t,2026-04-06 23:26:10.235521+00,2026-04-06 23:26:10.235521+00
opta,am70epdl0361z5af8ahskcdsl,N. Kanté,N. Kanté,8lroq0cbhdxj8124qtxwrhvmm,Fenerbahçe Spor Kulübü,MF,MIDFIELDER,2026-02-09 17:00:00+00,2026-04-05 17:00:00+00,t,2026-04-06 23:26:10.235521+00,2026-04-06 23:26:10.235521+00
opta,amtxmdm8q1n55578nm8kqrfft,F. Üzüm,F. Üzüm,embqktr41hfzczc8uav1scmcn,Gençlerbirliği Spor Kulübü,SUB,SUBSTITUTE,2025-08-09 16:00:00+00,2026-03-01 13:00:00+00,t,2026-04-06 23:26:10.235521+00,2026-04-06 23:26:10.235521+00
opta,aojauurtrybt4tfgrpjgqm3o4,Loide Augusto,Loide Augusto,1lbrlj3uu8wi2h9j79snuoae4,Çaykur Rize Spor Kulübü,MF,MIDFIELDER,2025-09-21 14:00:00+00,2026-04-05 11:30:00+00,t,2026-04-06 23:26:10.235521+00,2026-04-06 23:26:10.235521+00
opta,arxzxh4sl361stoy8wgswsz55,B. Öztürk,B. Öztürk,9irsyv431fpuqhqtfq9iwxf2u,Antalyaspor Kulübü,DF,DEFENDER,2025-08-09 18:30:00+00,2026-03-18 17:00:00+00,t,2026-04-06 23:26:10.235521+00,2026-04-06 23:26:10.235521+00
opta,arz42rmuuyjp8nvz5zligxvkk,E. Terzi,E. Terzi,2ez9cvam9lp9jyhng3eh3znb4,Beşiktaş Jimnastik Kulübü,DF,DEFENDER,2025-08-17 18:30:00+00,2025-08-17 18:30:00+00,t,2026-04-06 23:26:10.235521+00,2026-04-06 23:26:10.235521+00
opta,asvqr3i5wcjiajxipt1qvldyh,M. Guendouzi,M. Guendouzi,8lroq0cbhdxj8124qtxwrhvmm,Fenerbahçe Spor Kulübü,MF,MIDFIELDER,2026-01-18 17:00:00+00,2026-04-05 17:00:00+00,t,2026-04-06 23:26:10.235521+00,2026-04-06 23:26:10.235521+00
opta,av18ek8zmx40sazfwerdp8wa2,B. Kutlu,B. Kutlu,cw4lbdzlqqdvbkdkz00c9ye49,Konyaspor Kulübü,DF,DEFENDER,2025-08-08 18:30:00+00,2026-04-05 11:30:00+00,t,2026-04-06 23:26:10.235521+00,2026-04-06 23:26:10.235521+00
opta,av5azl72pih294lpnfxncx9g4,P. Yaldır,P. Yaldır,dpsnqu7pd2b0shfzjyn5j1znf,Samsunspor Kulübü,FW,FORWARD,2025-09-13 14:00:00+00,2025-12-21 17:00:00+00,t,2026-04-06 23:26:10.235521+00,2026-04-06 23:26:10.235521+00
opta,av5g4nr853anks78vl6jh4s7p,S. Savić,S. Savić,2yab38jdfl0gk2tei1mq40o06,Trabzonspor Kulübü,DF,DEFENDER,2025-08-11 18:30:00+00,2026-04-04 17:00:00+00,t,2026-04-06 23:26:10.235521+00,2026-04-06 23:26:10.235521+00
opta,aw5of6drnaorje2233ocvph7u,Y. Demir,Y. Demir,esa748l653sss1wurz5ps3228,Galatasaray Spor Kulübü,FW,FORWARD,2025-11-22 17:00:00+00,2025-11-22 17:00:00+00,t,2026-04-06 23:26:10.235521+00,2026-04-06 23:26:10.235521+00
opta,axeygxw5crichqm4hqprm3mdw,Wagner Pina,Wagner Pina,2yab38jdfl0gk2tei1mq40o06,Trabzonspor Kulübü,DF,DEFENDER,2025-08-11 18:30:00+00,2026-04-04 17:00:00+00,t,2026-04-06 23:26:10.235521+00,2026-04-06 23:26:10.235521+00
opta,ay79n7ap7mo8lbnr0ho1kql05,O. Piri,O. Piri,c8ns6z3u8kxldv1zh1evu10rv,Kayseri Spor Kulübü,GK,GOALKEEPER,2025-09-14 14:00:00+00,2025-11-22 11:30:00+00,t,2026-04-06 23:26:10.235521+00,2026-04-06 23:26:10.235521+00
opta,ayr5z9w82veba3t3g30fhos15,Bruno Viana,Bruno Viana,84fpe0iynjdghwysyo5tizdkk,Alanyaspor Kulübü,DF,DEFENDER,2025-08-25 16:00:00+00,2025-10-25 14:00:00+00,t,2026-04-06 23:26:10.235521+00,2026-04-06 23:26:10.235521+00
opta,ayyswiouwrh2yn1j75owovob9,Ç. Söyüncü,Ç. Söyüncü,8lroq0cbhdxj8124qtxwrhvmm,Fenerbahçe Spor Kulübü,DF,DEFENDER,2025-08-23 18:30:00+00,2026-02-23 17:00:00+00,t,2026-04-06 23:26:10.235521+00,2026-04-06 23:26:10.235521+00
opta,b0e2lq6wk1h5neb3d1ndr2hw4,Janderson,Janderson,cjbaf8s09qoa1n11r33gc560x,Göztepe Spor Kulübü,FW,FORWARD,2025-08-10 16:00:00+00,2026-04-04 11:30:00+00,t,2026-04-06 23:26:10.235521+00,2026-04-06 23:26:10.235521+00
opta,b0xd20j7apuso09qehs7jh1t6,Y. Kayan,Y. Kayan,dpsnqu7pd2b0shfzjyn5j1znf,Samsunspor Kulübü,MF,MIDFIELDER,2025-08-10 18:30:00+00,2026-04-05 11:30:00+00,t,2026-04-06 23:26:10.235521+00,2026-04-06 23:26:10.235521+00
opta,b37lj04cxl9f56pr5sinhecyc,İ. Çelik,İ. Çelik,84fpe0iynjdghwysyo5tizdkk,Alanyaspor Kulübü,MF,MIDFIELDER,2025-08-25 16:00:00+00,2026-03-09 17:00:00+00,t,2026-04-06 23:26:10.235521+00,2026-04-06 23:26:10.235521+00
opta,b3vvxolwxcukqk76hb4scvh79,A. Murillo,A. Murillo,2ez9cvam9lp9jyhng3eh3znb4,Beşiktaş Jimnastik Kulübü,DF,DEFENDER,2026-02-08 17:00:00+00,2026-04-05 17:00:00+00,t,2026-04-06 23:26:10.235521+00,2026-04-06 23:26:10.235521+00
opta,b630wiid83tw53e325x2g0c0l,A. Maxim,A. Maxim,2agzb2h4ppg7lfz9hn7eg1rqo,Gaziantep Futbol Kulübü,FW,FORWARD,2025-08-08 18:30:00+00,2026-04-04 14:00:00+00,t,2026-04-06 23:26:10.235521+00,2026-04-06 23:26:10.235521+00
opta,b65zbmz4d8oniatpneaj5px3p,M. Jevtović,M. Jevtović,cw4lbdzlqqdvbkdkz00c9ye49,Konyaspor Kulübü,MF,MIDFIELDER,2025-08-10 18:30:00+00,2026-04-05 11:30:00+00,t,2026-04-06 23:26:10.235521+00,2026-04-06 23:26:10.235521+00
opta,b6qu8gv2mpfju7a7qwm2wcciy,V. Mihăilă,V. Mihăilă,1lbrlj3uu8wi2h9j79snuoae4,Çaykur Rize Spor Kulübü,MF,MIDFIELDER,2025-08-10 16:00:00+00,2026-04-05 11:30:00+00,t,2026-04-06 23:26:10.235521+00,2026-04-06 23:26:10.235521+00
opta,b6ueapn1crd5m3hiig2m8ybxl,M. Müldür,M. Müldür,8lroq0cbhdxj8124qtxwrhvmm,Fenerbahçe Spor Kulübü,DF,DEFENDER,2025-08-23 18:30:00+00,2026-03-17 17:00:00+00,t,2026-04-06 23:26:10.235521+00,2026-04-06 23:26:10.235521+00
opta,b6uguvr00hez2m8z4k6x7xic4,S. Mather,S. Mather,c8ns6z3u8kxldv1zh1evu10rv,Kayseri Spor Kulübü,SUB,SUBSTITUTE,2026-01-24 11:30:00+00,2026-01-24 11:30:00+00,t,2026-04-06 23:26:10.235521+00,2026-04-06 23:26:10.235521+00
opta,b77yizfv3dc6l2baae0jzo6ad,O. Zubkov,O. Zubkov,2yab38jdfl0gk2tei1mq40o06,Trabzonspor Kulübü,MF,MIDFIELDER,2025-08-11 18:30:00+00,2026-04-04 17:00:00+00,t,2026-04-06 23:26:10.235521+00,2026-04-06 23:26:10.235521+00
opta,b8m3njge4ubxcj1zbxhvk5d9m,B. Elmaz,B. Elmaz,c3txoz57mu7w9y1jprvnv2flr,Fatih Karagümrük Spor Kulübü,MF,MIDFIELDER,2025-09-14 16:00:00+00,2026-04-05 11:30:00+00,t,2026-04-06 23:26:10.235521+00,2026-04-06 23:26:10.235521+00
opta,babnrlnt04mal0268p9dxas8a,G. Onugkha,G. Onugkha,c8ns6z3u8kxldv1zh1evu10rv,Kayseri Spor Kulübü,FW,FORWARD,2025-09-14 14:00:00+00,2026-04-04 11:30:00+00,t,2026-04-06 23:26:10.235521+00,2026-04-06 23:26:10.235521+00
opta,bbqgqyofv8u6dy6zke3cjmzmx,F. Aksoy,F. Aksoy,84fpe0iynjdghwysyo5tizdkk,Alanyaspor Kulübü,SUB,SUBSTITUTE,2025-08-31 18:30:00+00,2026-03-18 13:00:00+00,t,2026-04-06 23:26:10.235521+00,2026-04-06 23:26:10.235521+00
opta,bbyvz1eet595h16hasozpv310,B. Ersoy,B. Ersoy,c3txoz57mu7w9y1jprvnv2flr,Fatih Karagümrük Spor Kulübü,MF,MIDFIELDER,2025-12-21 11:30:00+00,2025-12-21 11:30:00+00,t,2026-04-06 23:26:10.235521+00,2026-04-06 23:26:10.235521+00
opta,bd4cjnn4k45ry7ci5tsaawf10,H. Keïta,H. Keïta,b703zecenioz21dnj3p63v3f7,Kocaelispor Kulübü,MF,MIDFIELDER,2025-09-21 14:00:00+00,2026-04-06 17:00:00+00,t,2026-04-06 23:26:10.235521+00,2026-04-06 23:26:10.235521+00
opta,bf2hmqwpwb2k5crsvpcrio9n9,E. Karaca,E. Karaca,84fpe0iynjdghwysyo5tizdkk,Alanyaspor Kulübü,MF,MIDFIELDER,2025-08-16 18:30:00+00,2026-04-04 14:00:00+00,t,2026-04-06 23:26:10.235521+00,2026-04-06 23:26:10.235521+00
opta,bg3sod57hai0y274n9qkselm1,U. Yazğılı,U. Yazğılı,cw4lbdzlqqdvbkdkz00c9ye49,Konyaspor Kulübü,DF,DEFENDER,2025-08-10 18:30:00+00,2026-04-05 11:30:00+00,t,2026-04-06 23:26:10.235521+00,2026-04-06 23:26:10.235521+00
opta,bgcphqeckm71jpbnzjivrnug9,N. Janvier,N. Janvier,84fpe0iynjdghwysyo5tizdkk,Alanyaspor Kulübü,MF,MIDFIELDER,2025-08-16 18:30:00+00,2026-04-04 14:00:00+00,t,2026-04-06 23:26:10.235521+00,2026-04-06 23:26:10.235521+00
opta,bhf1imts9lv5vsv4n6smfza39,S. Dioudis,S. Dioudis,2agzb2h4ppg7lfz9hn7eg1rqo,Gaziantep Futbol Kulübü,GK,GOALKEEPER,2025-08-08 18:30:00+00,2025-08-08 18:30:00+00,t,2026-04-06 23:26:10.235521+00,2026-04-06 23:26:10.235521+00
opta,bk52e15rs8wlktc6cw48ifqad,A. Appindangoyé,A. Appindangoyé,b703zecenioz21dnj3p63v3f7,Kocaelispor Kulübü,DF,DEFENDER,2025-08-11 18:30:00+00,2025-08-30 16:00:00+00,t,2026-04-06 23:26:10.235521+00,2026-04-06 23:26:10.235521+00
opta,bntdkaauxt1thtg6ukfs38g0k,A. Demirol,A. Demirol,c3txoz57mu7w9y1jprvnv2flr,Fatih Karagümrük Spor Kulübü,SUB,SUBSTITUTE,2025-08-22 18:30:00+00,2025-09-17 17:00:00+00,t,2026-04-06 23:26:10.235521+00,2026-04-06 23:26:10.235521+00
opta,bnuhd77idgslb5a3s2pdjil4a,Rhaldney,Rhaldney,cjbaf8s09qoa1n11r33gc560x,Göztepe Spor Kulübü,SUB,SUBSTITUTE,2025-08-10 16:00:00+00,2026-01-31 17:00:00+00,t,2026-04-06 23:26:10.235521+00,2026-04-06 23:26:10.235521+00
opta,bo6avoaaj951avsanz8vz132t,S. Uçan,S. Uçan,2ez9cvam9lp9jyhng3eh3znb4,Beşiktaş Jimnastik Kulübü,MF,MIDFIELDER,2025-09-13 17:00:00+00,2026-04-05 17:00:00+00,t,2026-04-06 23:26:10.235521+00,2026-04-06 23:26:10.235521+00
opta,boa0e436nc3u53cumlao9ulex,B. Mendy,B. Mendy,2yab38jdfl0gk2tei1mq40o06,Trabzonspor Kulübü,MF,MIDFIELDER,2025-08-18 18:30:00+00,2025-08-24 16:00:00+00,t,2026-04-06 23:26:10.235521+00,2026-04-06 23:26:10.235521+00
opta,bp3apdb2ahzacq45k4mzj5jhl,E. Álvarez,E. Álvarez,8lroq0cbhdxj8124qtxwrhvmm,Fenerbahçe Spor Kulübü,MF,MIDFIELDER,2025-08-31 16:00:00+00,2026-02-02 17:00:00+00,t,2026-04-06 23:26:10.235521+00,2026-04-06 23:26:10.235521+00
opta,bqrlxhvt9v0pq32t6a0rucsno,A. Yavuz,A. Yavuz,bmgtxgipsznlb1j20zwjti3xh,Eyüp Spor Kulübü,DF,DEFENDER,2026-01-19 14:00:00+00,2026-04-05 14:00:00+00,t,2026-04-06 23:26:10.235521+00,2026-04-06 23:26:10.235521+00
opta,bra6w2h7pnvu9gta0cs8jnz6d,E. Bardhi,E. Bardhi,cw4lbdzlqqdvbkdkz00c9ye49,Konyaspor Kulübü,MF,MIDFIELDER,2025-08-10 18:30:00+00,2026-04-05 11:30:00+00,t,2026-04-06 23:26:10.235521+00,2026-04-06 23:26:10.235521+00
opta,bt226z4iktw4xzqqgacvvgt4a,H. Dervişoğlu,H. Dervişoğlu,1lbrlj3uu8wi2h9j79snuoae4,Çaykur Rize Spor Kulübü,FW,FORWARD,2025-08-10 16:00:00+00,2026-04-05 11:30:00+00,t,2026-04-06 23:26:10.235521+00,2026-04-06 23:26:10.235521+00
opta,bt2h27b7sfmsa5w6tnfp7lw4p,A. Harit,A. Harit,47njg6cmlx5q3fvdsupd2n6qu,İstanbul Başakşehir Futbol Kulübü,MF,MIDFIELDER,2025-09-21 14:00:00+00,2026-04-06 17:00:00+00,t,2026-04-06 23:26:10.235521+00,2026-04-06 23:26:10.235521+00
opta,bt2pm0it9f1o216uxo3abfpbd,J. Allevinah,J. Allevinah,4idg23egrrvtrbgrg7p5x7bwf,Kasımpaşa Spor Kulübü,MF,MIDFIELDER,2026-01-30 17:00:00+00,2026-03-19 17:00:00+00,t,2026-04-06 23:26:10.235521+00,2026-04-06 23:26:10.235521+00
opta,btdiw5i7gt94ikdrhv91dgcus,B. Gezek,B. Gezek,bmgtxgipsznlb1j20zwjti3xh,Eyüp Spor Kulübü,MF,MIDFIELDER,2025-12-20 14:00:00+00,2026-04-05 14:00:00+00,t,2026-04-06 23:26:10.235521+00,2026-04-06 23:26:10.235521+00
opta,btjk8ghcrtzzc0q5iqf301vc9,A. Dursun,A. Dursun,embqktr41hfzczc8uav1scmcn,Gençlerbirliği Spor Kulübü,DF,DEFENDER,2025-08-09 16:00:00+00,2026-02-21 10:30:00+00,t,2026-04-06 23:26:10.235521+00,2026-04-06 23:26:10.235521+00
opta,bv9ejevyrwdqc1j5rw4tkiy1h,F. Hadërgjonaj,F. Hadërgjonaj,84fpe0iynjdghwysyo5tizdkk,Alanyaspor Kulübü,MF,MIDFIELDER,2025-08-16 18:30:00+00,2026-04-04 14:00:00+00,t,2026-04-06 23:26:10.235521+00,2026-04-06 23:26:10.235521+00
opta,bvymw4wbcvzoafi5600i3lql1,G. Güvenç,G. Güvenç,esa748l653sss1wurz5ps3228,Galatasaray Spor Kulübü,GK,GOALKEEPER,2025-08-08 18:30:00+00,2025-12-21 17:00:00+00,t,2026-04-06 23:26:10.235521+00,2026-04-06 23:26:10.235521+00
opta,bvz108ye0zunjgf67faqsjkh6,F. Bayır,F. Bayır,cjbaf8s09qoa1n11r33gc560x,Göztepe Spor Kulübü,SUB,SUBSTITUTE,2025-08-10 16:00:00+00,2025-12-21 17:00:00+00,t,2026-04-06 23:26:10.235521+00,2026-04-06 23:26:10.235521+00
opta,bwg7au78c88g5cfl4njizr3mc,Ü. Akdağ,Ü. Akdağ,84fpe0iynjdghwysyo5tizdkk,Alanyaspor Kulübü,DF,DEFENDER,2025-08-16 18:30:00+00,2026-04-04 14:00:00+00,t,2026-04-06 23:26:10.235521+00,2026-04-06 23:26:10.235521+00
opta,byalb2vd9hlk420wgei8jz3s9,P. Ampem,P. Ampem,bmgtxgipsznlb1j20zwjti3xh,Eyüp Spor Kulübü,SUB,SUBSTITUTE,2025-08-10 18:30:00+00,2026-02-08 11:30:00+00,t,2026-04-06 23:26:10.235521+00,2026-04-06 23:26:10.235521+00
opta,byyvmgf5zm2yk0fs2gn469pt5,B. Güngördü,B. Güngördü,cw4lbdzlqqdvbkdkz00c9ye49,Konyaspor Kulübü,GK,GOALKEEPER,2025-08-10 18:30:00+00,2026-04-05 11:30:00+00,t,2026-04-06 23:26:10.235521+00,2026-04-06 23:26:10.235521+00
opta,c1e7y2fwgvh1kawh3hhsood7t,Ruan,Ruan,cjbaf8s09qoa1n11r33gc560x,Göztepe Spor Kulübü,MF,MIDFIELDER,2025-09-14 14:00:00+00,2025-11-23 11:30:00+00,t,2026-04-06 23:26:10.235521+00,2026-04-06 23:26:10.235521+00
opta,c1yctqdku2vzho2azsgcy5dcl,V. Černý,V. Černý,2ez9cvam9lp9jyhng3eh3znb4,Beşiktaş Jimnastik Kulübü,MF,MIDFIELDER,2025-09-13 17:00:00+00,2026-04-05 17:00:00+00,t,2026-04-06 23:26:10.235521+00,2026-04-06 23:26:10.235521+00
opta,c2m6r5vndys0xk3odvdsm4jmy,A. Cherni,A. Cherni,cjbaf8s09qoa1n11r33gc560x,Göztepe Spor Kulübü,MF,MIDFIELDER,2025-08-10 16:00:00+00,2026-04-04 11:30:00+00,t,2026-04-06 23:26:10.235521+00,2026-04-06 23:26:10.235521+00
opta,c3r7us9o0vvcpjht2ihy0u9qt,T. İlter,T. İlter,bmgtxgipsznlb1j20zwjti3xh,Eyüp Spor Kulübü,MF,MIDFIELDER,2025-08-25 16:00:00+00,2026-03-18 17:00:00+00,t,2026-04-06 23:26:10.235521+00,2026-04-06 23:26:10.235521+00
opta,c46fqi4fex87fihqw4l13w3jd,A. Yiğiter,A. Yiğiter,9irsyv431fpuqhqtfq9iwxf2u,Antalyaspor Kulübü,GK,GOALKEEPER,2025-08-09 18:30:00+00,2026-04-05 14:00:00+00,t,2026-04-06 23:26:10.235521+00,2026-04-06 23:26:10.235521+00
opta,c4vjy6o7a4224n2ho94dn7v85,M. Günok,M. Günok,8lroq0cbhdxj8124qtxwrhvmm,Fenerbahçe Spor Kulübü,GK,GOALKEEPER,2025-08-17 18:30:00+00,2026-03-13 17:00:00+00,t,2026-04-06 23:26:10.235521+00,2026-04-06 23:26:10.235521+00
opta,c6gok3k7so5az0671dse0te51,A. Traoré,A. Traoré,embqktr41hfzczc8uav1scmcn,Gençlerbirliği Spor Kulübü,FW,FORWARD,2025-08-23 18:30:00+00,2026-04-04 11:30:00+00,t,2026-04-06 23:26:10.235521+00,2026-04-06 23:26:10.235521+00
opta,c6rzadc9bx74tw06zdubmtc5x,E. Kılınç,E. Kılınç,dpsnqu7pd2b0shfzjyn5j1znf,Samsunspor Kulübü,MF,MIDFIELDER,2025-08-09 16:00:00+00,2026-04-05 11:30:00+00,t,2026-04-06 23:26:10.235521+00,2026-04-06 23:26:10.235521+00
opta,c6sgb9677j42ockfb1adcp17u,F. Tongya,F. Tongya,embqktr41hfzczc8uav1scmcn,Gençlerbirliği Spor Kulübü,MF,MIDFIELDER,2025-09-15 17:00:00+00,2026-04-04 11:30:00+00,t,2026-04-06 23:26:10.235521+00,2026-04-06 23:26:10.235521+00
opta,c74zok3dqa0ynbt1s544jhxck,Mahamadou Susoho,Mahamadou Susoho,b703zecenioz21dnj3p63v3f7,Kocaelispor Kulübü,MF,MIDFIELDER,2026-02-09 14:00:00+00,2026-04-06 17:00:00+00,t,2026-04-06 23:26:10.235521+00,2026-04-06 23:26:10.235521+00
opta,c7ktjbc3jqj8kiwc8ru6sat5g,Ruan,Ruan,84fpe0iynjdghwysyo5tizdkk,Alanyaspor Kulübü,MF,MIDFIELDER,2025-09-21 14:00:00+00,2026-04-04 14:00:00+00,t,2026-04-06 23:26:10.235521+00,2026-04-06 23:26:10.235521+00
opta,c7uxn96yuy4m7s2ibr80hgc4q,İ. Kaya,İ. Kaya,84fpe0iynjdghwysyo5tizdkk,Alanyaspor Kulübü,SUB,SUBSTITUTE,2025-08-16 18:30:00+00,2026-04-04 14:00:00+00,t,2026-04-06 23:26:10.235521+00,2026-04-06 23:26:10.235521+00
opta,c9o6kik18ik4z5f283qz8b1m1,Miguel Crespo,Miguel Crespo,47njg6cmlx5q3fvdsupd2n6qu,İstanbul Başakşehir Futbol Kulübü,MF,MIDFIELDER,2025-08-17 18:30:00+00,2026-03-18 17:00:00+00,t,2026-04-06 23:26:10.235521+00,2026-04-06 23:26:10.235521+00
opta,can2l9ha4ufsxdjxdkb739fkk,K. Asllani,K. Asllani,2ez9cvam9lp9jyhng3eh3znb4,Beşiktaş Jimnastik Kulübü,MF,MIDFIELDER,2026-01-31 17:00:00+00,2026-04-05 17:00:00+00,t,2026-04-06 23:26:10.235521+00,2026-04-06 23:26:10.235521+00
opta,cbciqoin4avsen0vu7cfqtxqs,C. Inao Oulaï,C. Inao Oulaï,2yab38jdfl0gk2tei1mq40o06,Trabzonspor Kulübü,MF,MIDFIELDER,2025-09-27 17:00:00+00,2026-03-18 17:00:00+00,t,2026-04-06 23:26:10.235521+00,2026-04-06 23:26:10.235521+00
opta,cd3zg2t4cq4ghoh61kri7vaad,A. Nwakaeme,A. Nwakaeme,2yab38jdfl0gk2tei1mq40o06,Trabzonspor Kulübü,MF,MIDFIELDER,2025-08-11 18:30:00+00,2026-04-04 17:00:00+00,t,2026-04-06 23:26:10.235521+00,2026-04-06 23:26:10.235521+00
opta,cdvc6hf9vgtwrmawm6yjdc2ui,D. Varešanović,D. Varešanović,embqktr41hfzczc8uav1scmcn,Gençlerbirliği Spor Kulübü,MF,MIDFIELDER,2025-08-10 16:00:00+00,2026-03-19 17:00:00+00,t,2026-04-06 23:26:10.235521+00,2026-04-06 23:26:10.235521+00
opta,cfhk5255hz4wbs2zsrq219a6t,I. Grbić,I. Grbić,c3txoz57mu7w9y1jprvnv2flr,Fatih Karagümrük Spor Kulübü,GK,GOALKEEPER,2025-08-15 18:30:00+00,2026-04-05 11:30:00+00,t,2026-04-06 23:26:10.235521+00,2026-04-06 23:26:10.235521+00
opta,cg2c1slur70h744zbyvc65bs9,M. Kabasakal,M. Kabasakal,2agzb2h4ppg7lfz9hn7eg1rqo,Gaziantep Futbol Kulübü,MF,MIDFIELDER,2025-08-10 18:30:00+00,2026-04-04 14:00:00+00,t,2026-04-06 23:26:10.235521+00,2026-04-06 23:26:10.235521+00
opta,cg3np8zzmd2jqmtzmq75iobh0,A. Kone,A. Kone,c3txoz57mu7w9y1jprvnv2flr,Fatih Karagümrük Spor Kulübü,FW,FORWARD,2026-01-24 17:00:00+00,2026-03-19 13:00:00+00,t,2026-04-06 23:26:10.235521+00,2026-04-06 23:26:10.235521+00
opta,cg77on229wijk7nty9gvv8nx0,Y. Akçiçek,Y. Akçiçek,8lroq0cbhdxj8124qtxwrhvmm,Fenerbahçe Spor Kulübü,DF,DEFENDER,2025-08-16 18:30:00+00,2025-08-16 18:30:00+00,t,2026-04-06 23:26:10.235521+00,2026-04-06 23:26:10.235521+00
opta,cgkau5iry8f5yeq9l56oenu38,K. Gassama,K. Gassama,2agzb2h4ppg7lfz9hn7eg1rqo,Gaziantep Futbol Kulübü,MF,MIDFIELDER,2026-01-17 17:00:00+00,2026-04-04 14:00:00+00,t,2026-04-06 23:26:10.235521+00,2026-04-06 23:26:10.235521+00
opta,cifeitgacluvr9145xpf0xx7u,A. Sivri,A. Sivri,c3txoz57mu7w9y1jprvnv2flr,Fatih Karagümrük Spor Kulübü,FW,FORWARD,2025-08-15 18:30:00+00,2026-01-31 17:00:00+00,t,2026-04-06 23:26:10.235521+00,2026-04-06 23:26:10.235521+00
opta,cip5lla8zu8gru2m4popsstlh,C. Ünder,C. Ünder,2ez9cvam9lp9jyhng3eh3znb4,Beşiktaş Jimnastik Kulübü,FW,FORWARD,2025-08-31 16:00:00+00,2026-04-05 17:00:00+00,t,2026-04-06 23:26:10.235521+00,2026-04-06 23:26:10.235521+00
opta,ckphs905awwhu7euu6kvcu2y2,C. Üstündağ,C. Üstündağ,4idg23egrrvtrbgrg7p5x7bwf,Kasımpaşa Spor Kulübü,SUB,SUBSTITUTE,2025-08-09 18:30:00+00,2026-01-30 17:00:00+00,t,2026-04-06 23:26:10.235521+00,2026-04-06 23:26:10.235521+00
opta,cl2mi40x3gjsan1iifpbwec4p,A. Muja,A. Muja,dpsnqu7pd2b0shfzjyn5j1znf,Samsunspor Kulübü,FW,FORWARD,2025-08-09 16:00:00+00,2025-08-16 16:00:00+00,t,2026-04-06 23:26:10.235521+00,2026-04-06 23:26:10.235521+00
opta,cmornneb7ba5wjtjv27ot5td5,G. Frimpong,G. Frimpong,4idg23egrrvtrbgrg7p5x7bwf,Kasımpaşa Spor Kulübü,DF,DEFENDER,2025-08-30 16:00:00+00,2026-03-08 13:00:00+00,t,2026-04-06 23:26:10.235521+00,2026-04-06 23:26:10.235521+00
opta,cmxo99iavw6d5cgtbozdi8c9g,G. Gürpüz,G. Gürpüz,esa748l653sss1wurz5ps3228,Galatasaray Spor Kulübü,SUB,SUBSTITUTE,2025-12-21 17:00:00+00,2025-12-21 17:00:00+00,t,2026-04-06 23:26:10.235521+00,2026-04-06 23:26:10.235521+00
opta,cogspm37wxoqh9ay697oq6aj9,N. Uysal,N. Uysal,2ez9cvam9lp9jyhng3eh3znb4,Beşiktaş Jimnastik Kulübü,DF,DEFENDER,2025-09-19 17:00:00+00,2025-09-24 17:00:00+00,t,2026-04-06 23:26:10.235521+00,2026-04-06 23:26:10.235521+00
opta,cp5hkhz2p2twjtiw8vphfv9hx,L. Torreira,L. Torreira,esa748l653sss1wurz5ps3228,Galatasaray Spor Kulübü,MF,MIDFIELDER,2025-08-08 18:30:00+00,2026-04-04 17:00:00+00,t,2026-04-06 23:26:10.235521+00,2026-04-06 23:26:10.235521+00
opta,cqdivq82gd6b1h04gps6z108a,I. Tuci,I. Tuci,c8ns6z3u8kxldv1zh1evu10rv,Kayseri Spor Kulübü,FW,FORWARD,2025-08-24 18:30:00+00,2026-04-04 11:30:00+00,t,2026-04-06 23:26:10.235521+00,2026-04-06 23:26:10.235521+00
opta,crcx7u5sghpsid4r776a8cxsk,A. Çınar,A. Çınar,c3txoz57mu7w9y1jprvnv2flr,Fatih Karagümrük Spor Kulübü,DF,DEFENDER,2025-08-30 18:30:00+00,2026-03-19 13:00:00+00,t,2026-04-06 23:26:10.235521+00,2026-04-06 23:26:10.235521+00
opta,cso8kada3pj0992cp7vu5w34l,G. Değirmenci,G. Değirmenci,b703zecenioz21dnj3p63v3f7,Kocaelispor Kulübü,GK,GOALKEEPER,2026-01-18 14:00:00+00,2026-03-18 13:00:00+00,t,2026-04-06 23:26:10.235521+00,2026-04-06 23:26:10.235521+00
opta,ctgockgy49dl62spgtj6p89ud,O. Kocuk,O. Kocuk,dpsnqu7pd2b0shfzjyn5j1znf,Samsunspor Kulübü,GK,GOALKEEPER,2025-08-09 16:00:00+00,2026-04-05 11:30:00+00,t,2026-04-06 23:26:10.235521+00,2026-04-06 23:26:10.235521+00
opta,cthlmgr2fywks48pqrv7atxqs,A. Traore,A. Traore,c3txoz57mu7w9y1jprvnv2flr,Fatih Karagümrük Spor Kulübü,FW,FORWARD,2026-01-17 14:00:00+00,2026-04-05 11:30:00+00,t,2026-04-06 23:26:10.235521+00,2026-04-06 23:26:10.235521+00
opta,cudl1cjc8kxshfbhatms7aooa,E. Tavşan,E. Tavşan,dpsnqu7pd2b0shfzjyn5j1znf,Samsunspor Kulübü,FW,FORWARD,2026-01-18 14:00:00+00,2026-04-05 11:30:00+00,t,2026-04-06 23:26:10.235521+00,2026-04-06 23:26:10.235521+00
opta,cv1bo6878r9st2cpx4i4inpw5,E. Taşdemir,E. Taşdemir,4idg23egrrvtrbgrg7p5x7bwf,Kasımpaşa Spor Kulübü,SUB,SUBSTITUTE,2025-10-20 17:00:00+00,2026-02-23 17:00:00+00,t,2026-04-06 23:26:10.235521+00,2026-04-06 23:26:10.235521+00
opta,cvp10zci3p7gg5gi9bmbgj6qd,T. Antalyalı,T. Antalyalı,1lbrlj3uu8wi2h9j79snuoae4,Çaykur Rize Spor Kulübü,MF,MIDFIELDER,2025-09-21 14:00:00+00,2026-04-05 11:30:00+00,t,2026-04-06 23:26:10.235521+00,2026-04-06 23:26:10.235521+00
opta,cvxkczevfwq6fnw81dmv7qp5h,R. Civelek,R. Civelek,c8ns6z3u8kxldv1zh1evu10rv,Kayseri Spor Kulübü,DF,DEFENDER,2025-08-17 18:30:00+00,2026-04-04 11:30:00+00,t,2026-04-06 23:26:10.235521+00,2026-04-06 23:26:10.235521+00
opta,cxv9n4vnpe11bxlsy6cpw1nqi,E. Çeltik,E. Çeltik,c8ns6z3u8kxldv1zh1evu10rv,Kayseri Spor Kulübü,MF,MIDFIELDER,2025-09-24 17:00:00+00,2025-09-24 17:00:00+00,t,2026-04-06 23:26:10.235521+00,2026-04-06 23:26:10.235521+00
opta,cyt3smrs5og91cxfn37hnphpl,İ. Eğribayat,İ. Eğribayat,dpsnqu7pd2b0shfzjyn5j1znf,Samsunspor Kulübü,GK,GOALKEEPER,2025-08-16 18:30:00+00,2026-03-15 17:00:00+00,t,2026-04-06 23:26:10.235521+00,2026-04-06 23:26:10.235521+00
opta,cz8krodzj28nn2c9opb9dqpjp,O. Yokuşlu,O. Yokuşlu,2yab38jdfl0gk2tei1mq40o06,Trabzonspor Kulübü,MF,MIDFIELDER,2025-08-11 18:30:00+00,2026-04-04 17:00:00+00,t,2026-04-06 23:26:10.235521+00,2026-04-06 23:26:10.235521+00
opta,czeu3o58jay03rykg31ipatqs,A. Kocaman,A. Kocaman,c8ns6z3u8kxldv1zh1evu10rv,Kayseri Spor Kulübü,SUB,SUBSTITUTE,2025-09-24 17:00:00+00,2025-12-13 14:00:00+00,t,2026-04-06 23:26:10.235521+00,2026-04-06 23:26:10.235521+00
opta,d0ir0lbmkzvkvgjvry5l9z2l1,J. Onguéné,J. Onguéné,bmgtxgipsznlb1j20zwjti3xh,Eyüp Spor Kulübü,DF,DEFENDER,2026-01-19 14:00:00+00,2026-03-15 13:00:00+00,t,2026-04-06 23:26:10.235521+00,2026-04-06 23:26:10.235521+00
opta,d0j78ok645lz4jbby9c6oxhck,A. Boşluk,A. Boşluk,cw4lbdzlqqdvbkdkz00c9ye49,Konyaspor Kulübü,DF,DEFENDER,2025-08-11 18:30:00+00,2026-03-14 10:30:00+00,t,2026-04-06 23:26:10.235521+00,2026-04-06 23:26:10.235521+00
opta,d1edceukkcoy6gc481m7hgj8q,J. Oosterwolde,J. Oosterwolde,8lroq0cbhdxj8124qtxwrhvmm,Fenerbahçe Spor Kulübü,DF,DEFENDER,2025-08-16 18:30:00+00,2026-04-05 17:00:00+00,t,2026-04-06 23:26:10.235521+00,2026-04-06 23:26:10.235521+00
opta,d2dqd11a9koizwjaq93n4npt6,K. Olaigbe,K. Olaigbe,cw4lbdzlqqdvbkdkz00c9ye49,Konyaspor Kulübü,MF,MIDFIELDER,2025-08-11 18:30:00+00,2026-04-05 11:30:00+00,t,2026-04-06 23:26:10.235521+00,2026-04-06 23:26:10.235521+00
opta,d3dzc7rv10txevv09tpa7l016,M. Baltacı,M. Baltacı,esa748l653sss1wurz5ps3228,Galatasaray Spor Kulübü,SUB,SUBSTITUTE,2025-08-24 18:30:00+00,2025-09-26 17:00:00+00,t,2026-04-06 23:26:10.235521+00,2026-04-06 23:26:10.235521+00
opta,d5at3cowukpxiptq5ozcbe6s5,A. Djiku,A. Djiku,8lroq0cbhdxj8124qtxwrhvmm,Fenerbahçe Spor Kulübü,DF,DEFENDER,2025-08-23 18:30:00+00,2025-08-23 18:30:00+00,t,2026-04-06 23:26:10.235521+00,2026-04-06 23:26:10.235521+00
opta,d61yyx40mjv0b5ae5xxswze5m,C. Keleş,C. Keleş,b703zecenioz21dnj3p63v3f7,Kocaelispor Kulübü,FW,FORWARD,2025-08-16 16:00:00+00,2026-04-06 17:00:00+00,t,2026-04-06 23:26:10.235521+00,2026-04-06 23:26:10.235521+00
opta,d81ttx44qh49g7bg6a5my6gut,C. Çelik,C. Çelik,b703zecenioz21dnj3p63v3f7,Kocaelispor Kulübü,SUB,SUBSTITUTE,2025-08-11 18:30:00+00,2025-08-23 18:30:00+00,t,2026-04-06 23:26:10.235521+00,2026-04-06 23:26:10.235521+00
opta,d8v7fh30bn0rbhj0lgn1j17th,Luis Pérez,Luis Pérez,2agzb2h4ppg7lfz9hn7eg1rqo,Gaziantep Futbol Kulübü,MF,MIDFIELDER,2025-08-23 18:30:00+00,2026-04-04 14:00:00+00,t,2026-04-06 23:26:10.235521+00,2026-04-06 23:26:10.235521+00
opta,danxamd6zw2e4l71hbecawfl5,R. Rivas,R. Rivas,b703zecenioz21dnj3p63v3f7,Kocaelispor Kulübü,FW,FORWARD,2025-08-30 16:00:00+00,2026-04-06 17:00:00+00,t,2026-04-06 23:26:10.235521+00,2026-04-06 23:26:10.235521+00
opta,dcjlw5sjcf32xfuyq62mxbtud,Ž. Žužek,Ž. Žužek,embqktr41hfzczc8uav1scmcn,Gençlerbirliği Spor Kulübü,DF,DEFENDER,2025-08-09 16:00:00+00,2026-04-04 11:30:00+00,t,2026-04-06 23:26:10.235521+00,2026-04-06 23:26:10.235521+00
opta,dglkt5h4m18p1qcj2uhqymvv9,R. Sallai,R. Sallai,esa748l653sss1wurz5ps3228,Galatasaray Spor Kulübü,FW,FORWARD,2025-08-08 18:30:00+00,2026-04-04 17:00:00+00,t,2026-04-06 23:26:10.235521+00,2026-04-06 23:26:10.235521+00
opta,dhzq2bgejp77sq2973t7ddasp,S. Yalçın,S. Yalçın,b703zecenioz21dnj3p63v3f7,Kocaelispor Kulübü,MF,MIDFIELDER,2025-08-11 18:30:00+00,2026-04-06 17:00:00+00,t,2026-04-06 23:26:10.235521+00,2026-04-06 23:26:10.235521+00
opta,djbw3afgcgkbq22soig0xsjfu,O. Kökçü,O. Kökçü,2ez9cvam9lp9jyhng3eh3znb4,Beşiktaş Jimnastik Kulübü,MF,MIDFIELDER,2025-08-17 18:30:00+00,2026-04-05 17:00:00+00,t,2026-04-06 23:26:10.235521+00,2026-04-06 23:26:10.235521+00
opta,dkx1rfzizskaplpex70i3q0o9,Rodrigo Becão,Rodrigo Becão,4idg23egrrvtrbgrg7p5x7bwf,Kasımpaşa Spor Kulübü,DF,DEFENDER,2025-11-23 17:00:00+00,2026-04-04 11:30:00+00,t,2026-04-06 23:26:10.235521+00,2026-04-06 23:26:10.235521+00
opta,dl4axh0rik3jdhxvyqyz9eb4l,U. Bozok,U. Bozok,bmgtxgipsznlb1j20zwjti3xh,Eyüp Spor Kulübü,FW,FORWARD,2025-08-10 18:30:00+00,2026-04-05 14:00:00+00,t,2026-04-06 23:26:10.235521+00,2026-04-06 23:26:10.235521+00
opta,dlgueejo95xoqfugtpgc3i2nd,C. Holse,C. Holse,dpsnqu7pd2b0shfzjyn5j1znf,Samsunspor Kulübü,MF,MIDFIELDER,2025-08-09 16:00:00+00,2026-04-05 11:30:00+00,t,2026-04-06 23:26:10.235521+00,2026-04-06 23:26:10.235521+00
opta,dnhrzvijlt9ou1e98pbab20a1,K. Csoboth,K. Csoboth,embqktr41hfzczc8uav1scmcn,Gençlerbirliği Spor Kulübü,MF,MIDFIELDER,2025-09-15 17:00:00+00,2025-11-28 17:00:00+00,t,2026-04-06 23:26:10.235521+00,2026-04-06 23:26:10.235521+00
opta,do0wn2lu805annoayzc8bfhpm,E. Topçu,E. Topçu,2ez9cvam9lp9jyhng3eh3znb4,Beşiktaş Jimnastik Kulübü,DF,DEFENDER,2025-08-17 18:30:00+00,2026-02-22 17:00:00+00,t,2026-04-06 23:26:10.235521+00,2026-04-06 23:26:10.235521+00
opta,dp217lcujazwh6x67xxws4fai,T. Čvančara,T. Čvančara,9irsyv431fpuqhqtfq9iwxf2u,Antalyaspor Kulübü,FW,FORWARD,2025-08-09 18:30:00+00,2025-11-24 17:00:00+00,t,2026-04-06 23:26:10.235521+00,2026-04-06 23:26:10.235521+00
opta,drkx7msmzruq5myxk9ani6z11,M. Icardi,M. Icardi,esa748l653sss1wurz5ps3228,Galatasaray Spor Kulübü,FW,FORWARD,2025-08-15 18:30:00+00,2026-04-04 17:00:00+00,t,2026-04-06 23:26:10.235521+00,2026-04-06 23:26:10.235521+00
opta,dstxo7i9rklcwq64pik7jdgyc,J. Mendes,J. Mendes,dpsnqu7pd2b0shfzjyn5j1znf,Samsunspor Kulübü,DF,DEFENDER,2025-08-09 16:00:00+00,2026-04-05 11:30:00+00,t,2026-04-06 23:26:10.235521+00,2026-04-06 23:26:10.235521+00
opta,dti0z7xiesvrnygybsfc7suwa,S. Öztaşdelen,S. Öztaşdelen,b703zecenioz21dnj3p63v3f7,Kocaelispor Kulübü,GK,GOALKEEPER,2026-04-06 17:00:00+00,2026-04-06 17:00:00+00,t,2026-04-06 23:26:10.235521+00,2026-04-06 23:26:10.235521+00
opta,dubi41xs74u89icfnn80vxx3p,Fred,Fred,8lroq0cbhdxj8124qtxwrhvmm,Fenerbahçe Spor Kulübü,SUB,SUBSTITUTE,2025-08-16 18:30:00+00,2026-04-05 17:00:00+00,t,2026-04-06 23:26:10.235521+00,2026-04-06 23:26:10.235521+00
opta,dudttzqf0mfehgvnqerqgytbd,Show,Show,b703zecenioz21dnj3p63v3f7,Kocaelispor Kulübü,MF,MIDFIELDER,2025-08-11 18:30:00+00,2026-04-06 17:00:00+00,t,2026-04-06 23:26:10.235521+00,2026-04-06 23:26:10.235521+00
opta,dvof4p3jx1gi6i9uelbmudl62,K. Kozłowski,K. Kozłowski,2agzb2h4ppg7lfz9hn7eg1rqo,Gaziantep Futbol Kulübü,MF,MIDFIELDER,2025-08-08 18:30:00+00,2026-04-04 14:00:00+00,t,2026-04-06 23:26:10.235521+00,2026-04-06 23:26:10.235521+00
opta,dw2if28jgh8x04nkr487h9yxg,M. Mohammed,M. Mohammed,cjbaf8s09qoa1n11r33gc560x,Göztepe Spor Kulübü,MF,MIDFIELDER,2026-02-08 14:00:00+00,2026-04-04 11:30:00+00,t,2026-04-06 23:26:10.235521+00,2026-04-06 23:26:10.235521+00
opta,dxl6vb7doxudfp51zv7t0whjp,Luccas Claro,Luccas Claro,bmgtxgipsznlb1j20zwjti3xh,Eyüp Spor Kulübü,DF,DEFENDER,2025-08-10 18:30:00+00,2026-04-05 14:00:00+00,t,2026-04-06 23:26:10.235521+00,2026-04-06 23:26:10.235521+00
opta,dz70ci3ugpcsbat6ma2mcraax,D. Churlinov,D. Churlinov,b703zecenioz21dnj3p63v3f7,Kocaelispor Kulübü,FW,FORWARD,2025-09-14 16:00:00+00,2026-04-06 17:00:00+00,t,2026-04-06 23:26:10.235521+00,2026-04-06 23:26:10.235521+00
opta,dzai0thce5hvwbvdrvmcnsyj9,O. Ntcham,O. Ntcham,dpsnqu7pd2b0shfzjyn5j1znf,Samsunspor Kulübü,MF,MIDFIELDER,2025-08-09 16:00:00+00,2026-04-05 11:30:00+00,t,2026-04-06 23:26:10.235521+00,2026-04-06 23:26:10.235521+00
opta,dzv5l0y2ad05k7fiwzah07mcp,E. Bekiroğlu,E. Bekiroğlu,cjbaf8s09qoa1n11r33gc560x,Göztepe Spor Kulübü,MF,MIDFIELDER,2025-08-16 18:30:00+00,2026-04-04 11:30:00+00,t,2026-04-06 23:26:10.235521+00,2026-04-06 23:26:10.235521+00
opta,e09bnclvre9cwbe9euee9dw45,O. Kemen,O. Kemen,47njg6cmlx5q3fvdsupd2n6qu,İstanbul Başakşehir Futbol Kulübü,MF,MIDFIELDER,2025-08-31 16:00:00+00,2026-04-06 17:00:00+00,t,2026-04-06 23:26:10.235521+00,2026-04-06 23:26:10.235521+00
opta,e0tqievwgo1fq8xlnqrxs6ymt,İ. Kahveci,İ. Kahveci,4idg23egrrvtrbgrg7p5x7bwf,Kasımpaşa Spor Kulübü,MF,MIDFIELDER,2025-08-16 18:30:00+00,2026-04-04 11:30:00+00,t,2026-04-06 23:26:10.235521+00,2026-04-06 23:26:10.235521+00
opta,e1081ubjlc5hrf10n56zh78ph,F. Soyalp,F. Soyalp,c8ns6z3u8kxldv1zh1evu10rv,Kayseri Spor Kulübü,MF,MIDFIELDER,2025-09-14 14:00:00+00,2026-04-04 11:30:00+00,t,2026-04-06 23:26:10.235521+00,2026-04-06 23:26:10.235521+00
opta,e1jjefb75hndasplbqk90wu6t,D. Šarić,D. Šarić,9irsyv431fpuqhqtfq9iwxf2u,Antalyaspor Kulübü,MF,MIDFIELDER,2025-08-30 18:30:00+00,2026-04-05 14:00:00+00,t,2026-04-06 23:26:10.235521+00,2026-04-06 23:26:10.235521+00
opta,e2k1zvps76pfb17pqnryuf0gk,C. Nwaiwu,C. Nwaiwu,2yab38jdfl0gk2tei1mq40o06,Trabzonspor Kulübü,DF,DEFENDER,2026-01-18 14:00:00+00,2026-04-04 17:00:00+00,t,2026-04-06 23:26:10.235521+00,2026-04-06 23:26:10.235521+00
opta,e4cwx5r9hrvip371egldkc6ol,D. Verde,D. Verde,c3txoz57mu7w9y1jprvnv2flr,Fatih Karagümrük Spor Kulübü,MF,MIDFIELDER,2026-02-16 17:00:00+00,2026-04-05 11:30:00+00,t,2026-04-06 23:26:10.235521+00,2026-04-06 23:26:10.235521+00
opta,e4ye2q2h31wmwv8wvsqpiz0t1,E. Višća,E. Višća,2yab38jdfl0gk2tei1mq40o06,Trabzonspor Kulübü,MF,MIDFIELDER,2025-08-11 18:30:00+00,2025-11-24 17:00:00+00,t,2026-04-06 23:26:10.235521+00,2026-04-06 23:26:10.235521+00
opta,e6ok0deqkoe80184iu509gzu2,E. Touré,E. Touré,2ez9cvam9lp9jyhng3eh3znb4,Beşiktaş Jimnastik Kulübü,MF,MIDFIELDER,2025-08-31 18:30:00+00,2026-02-15 17:00:00+00,t,2026-04-06 23:26:10.235521+00,2026-04-06 23:26:10.235521+00
opta,e7208jmwhf0b4rxlqr7mvthqs,E. Tıknaz,E. Tıknaz,2ez9cvam9lp9jyhng3eh3znb4,Beşiktaş Jimnastik Kulübü,MF,MIDFIELDER,2025-08-17 18:30:00+00,2025-12-20 17:00:00+00,t,2026-04-06 23:26:10.235521+00,2026-04-06 23:26:10.235521+00
opta,e7hk7ppr45xnldr3dsnmbto4q,R. Nizet,R. Nizet,2agzb2h4ppg7lfz9hn7eg1rqo,Gaziantep Futbol Kulübü,SUB,SUBSTITUTE,2025-10-19 14:00:00+00,2025-11-22 11:30:00+00,t,2026-04-06 23:26:10.235521+00,2026-04-06 23:26:10.235521+00
opta,e7sb9zdv7fq4ys3c3z9ntpoq2,Z. Görgen,Z. Görgen,2agzb2h4ppg7lfz9hn7eg1rqo,Gaziantep Futbol Kulübü,GK,GOALKEEPER,2025-08-17 16:00:00+00,2026-04-04 14:00:00+00,t,2026-04-06 23:26:10.235521+00,2026-04-06 23:26:10.235521+00
opta,e81dfbtza1g8v3lozf39x3f85,Diogo Gonçalves,Diogo Gonçalves,cw4lbdzlqqdvbkdkz00c9ye49,Konyaspor Kulübü,MF,MIDFIELDER,2026-02-14 14:00:00+00,2026-04-05 11:30:00+00,t,2026-04-06 23:26:10.235521+00,2026-04-06 23:26:10.235521+00
opta,e85uwmwpyp8reafm1pp6zldxx,S. Denswil,S. Denswil,c8ns6z3u8kxldv1zh1evu10rv,Kayseri Spor Kulübü,DF,DEFENDER,2025-08-17 18:30:00+00,2026-04-04 11:30:00+00,t,2026-04-06 23:26:10.235521+00,2026-04-06 23:26:10.235521+00
opta,e8gsi6jr0hs7h0d1344zu647p,G. Dzhikia,G. Dzhikia,9irsyv431fpuqhqtfq9iwxf2u,Antalyaspor Kulübü,DF,DEFENDER,2025-08-09 18:30:00+00,2026-03-18 17:00:00+00,t,2026-04-06 23:26:10.235521+00,2026-04-06 23:26:10.235521+00
opta,e96zog3taygz6yagv5vonu9gq,R. Baniya,R. Baniya,2yab38jdfl0gk2tei1mq40o06,Trabzonspor Kulübü,DF,DEFENDER,2025-09-14 16:00:00+00,2025-11-29 17:00:00+00,t,2026-04-06 23:26:10.235521+00,2026-04-06 23:26:10.235521+00
opta,ea9earbze0casiv0qzjg3dca2,O. Özçiçek,O. Özçiçek,2agzb2h4ppg7lfz9hn7eg1rqo,Gaziantep Futbol Kulübü,MF,MIDFIELDER,2025-08-08 18:30:00+00,2026-03-13 17:00:00+00,t,2026-04-06 23:26:10.235521+00,2026-04-06 23:26:10.235521+00
opta,eaf4b3le808xp7j4rejomxf55,B. Özer,B. Özer,bmgtxgipsznlb1j20zwjti3xh,Eyüp Spor Kulübü,GK,GOALKEEPER,2025-08-10 18:30:00+00,2025-08-10 18:30:00+00,t,2026-04-06 23:26:10.235521+00,2026-04-06 23:26:10.235521+00
opta,ebryefvfep02gtmp99m31d756,M. Cihan,M. Cihan,2agzb2h4ppg7lfz9hn7eg1rqo,Gaziantep Futbol Kulübü,SUB,SUBSTITUTE,2025-08-08 18:30:00+00,2025-08-23 18:30:00+00,t,2026-04-06 23:26:10.235521+00,2026-04-06 23:26:10.235521+00
opta,eds2u0d31rqv5ifzgf75qfnx1,D. Biraschi,D. Biraschi,c3txoz57mu7w9y1jprvnv2flr,Fatih Karagümrük Spor Kulübü,DF,DEFENDER,2026-01-24 17:00:00+00,2026-04-05 11:30:00+00,t,2026-04-06 23:26:10.235521+00,2026-04-06 23:26:10.235521+00
opta,ee3d6caa0c1vp8n46hc28vpw5,S. Osmanoğlu,S. Osmanoğlu,embqktr41hfzczc8uav1scmcn,Gençlerbirliği Spor Kulübü,DF,DEFENDER,2025-08-17 16:00:00+00,2025-11-07 17:00:00+00,t,2026-04-06 23:26:10.235521+00,2026-04-06 23:26:10.235521+00
opta,efcz85z2tvggsucnvivkmsxyh,M. Bayo,M. Bayo,2agzb2h4ppg7lfz9hn7eg1rqo,Gaziantep Futbol Kulübü,FW,FORWARD,2025-09-20 17:00:00+00,2026-04-04 14:00:00+00,t,2026-04-06 23:26:10.235521+00,2026-04-06 23:26:10.235521+00
opta,ehva00sqlcy9lj8qootxkwnbo,Guilherme,Guilherme,cjbaf8s09qoa1n11r33gc560x,Göztepe Spor Kulübü,FW,FORWARD,2026-01-19 17:00:00+00,2026-04-04 11:30:00+00,t,2026-04-06 23:26:10.235521+00,2026-04-06 23:26:10.235521+00
opta,eikdf6bvfyzmb0ahxtyokd5gp,A. Kutucu,A. Kutucu,esa748l653sss1wurz5ps3228,Galatasaray Spor Kulübü,FW,FORWARD,2025-09-13 14:00:00+00,2026-04-04 17:00:00+00,t,2026-04-06 23:26:10.235521+00,2026-04-06 23:26:10.235521+00
opta,ejx7cydoi4camecwff8u9buy2,B. Özyurt,B. Özyurt,bmgtxgipsznlb1j20zwjti3xh,Eyüp Spor Kulübü,DF,DEFENDER,2026-02-08 11:30:00+00,2026-04-05 14:00:00+00,t,2026-04-06 23:26:10.235521+00,2026-04-06 23:26:10.235521+00
opta,ekyylqwtinai3e4bif4j1jml0,B. Yıldızlı,B. Yıldızlı,4idg23egrrvtrbgrg7p5x7bwf,Kasımpaşa Spor Kulübü,FW,FORWARD,2025-08-30 16:00:00+00,2025-08-30 16:00:00+00,t,2026-04-06 23:26:10.235521+00,2026-04-06 23:26:10.235521+00
opta,em2wgioc2kw4uqxkhey5cn190,U. Ogundu,U. Ogundu,84fpe0iynjdghwysyo5tizdkk,Alanyaspor Kulübü,FW,FORWARD,2025-08-16 18:30:00+00,2026-01-18 17:00:00+00,t,2026-04-06 23:26:10.235521+00,2026-04-06 23:26:10.235521+00
opta,emknda3m04831ahnf6iwt0gkp,A. Demirbağ,A. Demirbağ,cw4lbdzlqqdvbkdkz00c9ye49,Konyaspor Kulübü,DF,DEFENDER,2025-08-10 18:30:00+00,2026-04-05 11:30:00+00,t,2026-04-06 23:26:10.235521+00,2026-04-06 23:26:10.235521+00
opta,emrt1s5yfgtex867u98gbt0fe,T. Taşçı,T. Taşçı,cw4lbdzlqqdvbkdkz00c9ye49,Konyaspor Kulübü,FW,FORWARD,2025-08-10 18:30:00+00,2026-03-19 17:00:00+00,t,2026-04-06 23:26:10.235521+00,2026-04-06 23:26:10.235521+00
opta,en0b8q0jtl0sd9s9wjhv0cyc5,S. Akaydin,S. Akaydin,1lbrlj3uu8wi2h9j79snuoae4,Çaykur Rize Spor Kulübü,DF,DEFENDER,2025-08-10 16:00:00+00,2026-04-05 11:30:00+00,t,2026-04-06 23:26:10.235521+00,2026-04-06 23:26:10.235521+00
opta,en171a77ekjc8ppfxspdw41jp,S. Dursun,S. Dursun,b703zecenioz21dnj3p63v3f7,Kocaelispor Kulübü,FW,FORWARD,2025-09-21 14:00:00+00,2026-04-06 17:00:00+00,t,2026-04-06 23:26:10.235521+00,2026-04-06 23:26:10.235521+00
opta,eovdwo4wwh4fa1djb3y3bmfvt,Y. Sarı,Y. Sarı,47njg6cmlx5q3fvdsupd2n6qu,İstanbul Başakşehir Futbol Kulübü,MF,MIDFIELDER,2025-08-31 16:00:00+00,2026-04-06 17:00:00+00,t,2026-04-06 23:26:10.235521+00,2026-04-06 23:26:10.235521+00
opta,eq8ljhmnci4w7jb5whd6cjtyi,N. Ugrekhelidze,N. Ugrekhelidze,c3txoz57mu7w9y1jprvnv2flr,Fatih Karagümrük Spor Kulübü,DF,DEFENDER,2025-08-30 18:30:00+00,2025-10-05 14:00:00+00,t,2026-04-06 23:26:10.235521+00,2026-04-06 23:26:10.235521+00
opta,esb5jfhw65o0dgbs6gwvibyeh,A. Opoku,A. Opoku,c8ns6z3u8kxldv1zh1evu10rv,Kayseri Spor Kulübü,DF,DEFENDER,2025-08-17 18:30:00+00,2026-02-01 17:00:00+00,t,2026-04-06 23:26:10.235521+00,2026-04-06 23:26:10.235521+00
opta,eswtgkb9ayr20cv2dbyp0m0yy,A. Burak,A. Burak,c8ns6z3u8kxldv1zh1evu10rv,Kayseri Spor Kulübü,SUB,SUBSTITUTE,2025-08-30 16:00:00+00,2025-11-02 14:00:00+00,t,2026-04-06 23:26:10.235521+00,2026-04-06 23:26:10.235521+00
opta,eu4xivu8i6yla9fcnuncx1ucp,N. Zaniolo,N. Zaniolo,esa748l653sss1wurz5ps3228,Galatasaray Spor Kulübü,MF,MIDFIELDER,2025-08-08 18:30:00+00,2025-08-30 18:30:00+00,t,2026-04-06 23:26:10.235521+00,2026-04-06 23:26:10.235521+00
opta,evlb8xoagc60qohexhegail05,B. Özcan,B. Özcan,c3txoz57mu7w9y1jprvnv2flr,Fatih Karagümrük Spor Kulübü,MF,MIDFIELDER,2025-08-15 18:30:00+00,2026-04-05 11:30:00+00,t,2026-04-06 23:26:10.235521+00,2026-04-06 23:26:10.235521+00
opta,evt91r85bwncozweoiecno844,C. Sadia,C. Sadia,bmgtxgipsznlb1j20zwjti3xh,Eyüp Spor Kulübü,SUB,SUBSTITUTE,2025-12-13 11:30:00+00,2026-01-19 14:00:00+00,t,2026-04-06 23:26:10.235521+00,2026-04-06 23:26:10.235521+00
opta,eyllkbdemtx2seh48r9l3czbp,G. Makouta,G. Makouta,84fpe0iynjdghwysyo5tizdkk,Alanyaspor Kulübü,MF,MIDFIELDER,2025-08-16 18:30:00+00,2026-04-04 14:00:00+00,t,2026-04-06 23:26:10.235521+00,2026-04-06 23:26:10.235521+00
opta,f065kc6qn2cpxjxcm6i08rz3e,W. Singo,W. Singo,esa748l653sss1wurz5ps3228,Galatasaray Spor Kulübü,DF,DEFENDER,2025-08-30 18:30:00+00,2026-04-04 17:00:00+00,t,2026-04-06 23:26:10.235521+00,2026-04-06 23:26:10.235521+00
opta,f0sxbm2yrhnpefj0co94fa0o9,N. Opoku,N. Opoku,4idg23egrrvtrbgrg7p5x7bwf,Kasımpaşa Spor Kulübü,DF,DEFENDER,2025-08-09 18:30:00+00,2026-04-04 11:30:00+00,t,2026-04-06 23:26:10.235521+00,2026-04-06 23:26:10.235521+00
opta,f18znhcpnhq9u40lhiqdni238,M. Eriş,M. Eriş,cw4lbdzlqqdvbkdkz00c9ye49,Konyaspor Kulübü,DF,DEFENDER,2025-11-09 11:30:00+00,2025-12-20 11:30:00+00,t,2026-04-06 23:26:10.235521+00,2026-04-06 23:26:10.235521+00
opta,f59t4bsy21u3d4n319rd6rfqi,F. Krastev,F. Krastev,cjbaf8s09qoa1n11r33gc560x,Göztepe Spor Kulübü,MF,MIDFIELDER,2026-02-08 14:00:00+00,2026-04-04 11:30:00+00,t,2026-04-06 23:26:10.235521+00,2026-04-06 23:26:10.235521+00
opta,fvuj5umkjxxb1btu6004xjh1,João Mário,João Mário,2ez9cvam9lp9jyhng3eh3znb4,Beşiktaş Jimnastik Kulübü,SUB,SUBSTITUTE,2025-08-17 18:30:00+00,2025-08-31 18:30:00+00,t,2026-04-06 23:26:10.235521+00,2026-04-06 23:26:10.235521+00
opta,fwnnz9wriid0xznpbpdy82s4,Nuno Lima,Nuno Lima,84fpe0iynjdghwysyo5tizdkk,Alanyaspor Kulübü,DF,DEFENDER,2025-08-16 18:30:00+00,2026-04-04 14:00:00+00,t,2026-04-06 23:26:10.235521+00,2026-04-06 23:26:10.235521+00
opta,ggo9c6kjurm70tcr1qq00ic5,O. Bulut,O. Bulut,47njg6cmlx5q3fvdsupd2n6qu,İstanbul Başakşehir Futbol Kulübü,DF,DEFENDER,2025-08-17 18:30:00+00,2026-03-18 17:00:00+00,t,2026-04-06 23:26:10.235521+00,2026-04-06 23:26:10.235521+00
opta,k23exoxg1u76w0qaxc9gdpm,B. Yıldırım,B. Yıldırım,47njg6cmlx5q3fvdsupd2n6qu,İstanbul Başakşehir Futbol Kulübü,FW,FORWARD,2025-10-05 17:00:00+00,2026-04-06 17:00:00+00,t,2026-04-06 23:26:10.235521+00,2026-04-06 23:26:10.235521+00
opta,n79bsuv2ldsrh1ieiu096tp1,Cafú,Cafú,4idg23egrrvtrbgrg7p5x7bwf,Kasımpaşa Spor Kulübü,MF,MIDFIELDER,2025-08-09 18:30:00+00,2026-04-04 11:30:00+00,t,2026-04-06 23:26:10.235521+00,2026-04-06 23:26:10.235521+00
opta,nvnu7dsajfo29qsnx7xkfytw,T. Durakçay,T. Durakçay,cjbaf8s09qoa1n11r33gc560x,Göztepe Spor Kulübü,FW,FORWARD,2025-12-21 17:00:00+00,2025-12-21 17:00:00+00,t,2026-04-06 23:26:10.235521+00,2026-04-06 23:26:10.235521+00
opta,qrnnh3lbyo2788ucpq0hb8tm,Ç. Kurukalıp,Ç. Kurukalıp,c3txoz57mu7w9y1jprvnv2flr,Fatih Karagümrük Spor Kulübü,DF,DEFENDER,2025-08-15 18:30:00+00,2026-04-05 11:30:00+00,t,2026-04-06 23:26:10.235521+00,2026-04-06 23:26:10.235521+00
opta,qt2jl9zxkj4lxqzeydbb6hg5,M. Haïdara,M. Haïdara,b703zecenioz21dnj3p63v3f7,Kocaelispor Kulübü,DF,DEFENDER,2025-08-11 18:30:00+00,2026-03-09 13:00:00+00,t,2026-04-06 23:26:10.235521+00,2026-04-06 23:26:10.235521+00
opta,r8lvqke7rb2jt1svajl8dhjo,M. Akmelek,M. Akmelek,2agzb2h4ppg7lfz9hn7eg1rqo,Gaziantep Futbol Kulübü,SUB,SUBSTITUTE,2026-02-15 11:30:00+00,2026-02-15 11:30:00+00,t,2026-04-06 23:26:10.235521+00,2026-04-06 23:26:10.235521+00
opta,t8q9cc6a9pflmtxxj6r774d1,F. Mladenović,F. Mladenović,c3txoz57mu7w9y1jprvnv2flr,Fatih Karagümrük Spor Kulübü,DF,DEFENDER,2026-02-07 11:30:00+00,2026-03-19 13:00:00+00,t,2026-04-06 23:26:10.235521+00,2026-04-06 23:26:10.235521+00
opta,ui1momncqb3rg5hvwmtn4fhm,Calegari,Calegari,bmgtxgipsznlb1j20zwjti3xh,Eyüp Spor Kulübü,MF,MIDFIELDER,2025-08-17 18:30:00+00,2026-04-05 14:00:00+00,t,2026-04-06 23:26:10.235521+00,2026-04-06 23:26:10.235521+00
opta,vwdor8103or0mpl5tnmo5n85,A. Sağat,A. Sağat,b703zecenioz21dnj3p63v3f7,Kocaelispor Kulübü,SUB,SUBSTITUTE,2026-02-28 13:00:00+00,2026-02-28 13:00:00+00,t,2026-04-06 23:26:10.235521+00,2026-04-06 23:26:10.235521+00
